#
# A fatal error has been detected by the Java Runtime Environment:
#
#  EXCEPTION_ACCESS_VIOLATION (0xc0000005) at pc=0x00007fffc9f0c506, pid=5668, tid=48976
#
# JRE version: OpenJDK Runtime Environment Temurin-21.0.7+6 (21.0.7+6) (build 21.0.7+6-LTS)
# Java VM: OpenJDK 64-Bit Server VM Temurin-21.0.7+6 (21.0.7+6-LTS, mixed mode, sharing, tiered, compressed oops, compressed class ptrs, g1 gc, windows-amd64)
# Problematic frame:
# V  [jvm.dll+0xc506]
#
# No core dump will be written. Minidumps are not enabled by default on client versions of Windows
#
# If you would like to submit a bug report, please visit:
#   https://github.com/adoptium/adoptium-support/issues
#

---------------  S U M M A R Y ------------

Command Line: --add-opens=java.base/java.lang=ALL-UNNAMED --add-opens=java.base/java.lang.invoke=ALL-UNNAMED --add-opens=java.base/java.util=ALL-UNNAMED --add-opens=java.prefs/java.util.prefs=ALL-UNNAMED --add-exports=jdk.compiler/com.sun.tools.javac.api=ALL-UNNAMED --add-exports=jdk.compiler/com.sun.tools.javac.util=ALL-UNNAMED --add-opens=java.base/java.nio.charset=ALL-UNNAMED --add-opens=java.base/java.net=ALL-UNNAMED --add-opens=java.base/java.util.concurrent=ALL-UNNAMED --add-opens=java.base/java.util.concurrent.atomic=ALL-UNNAMED --add-opens=java.xml/javax.xml.namespace=ALL-UNNAMED --add-opens=java.base/java.time=ALL-UNNAMED -Xmx2048m -Dfile.encoding=UTF-8 -Duser.country=ID -Duser.language=en -Duser.variant -javaagent:C:\Users\ASUS\.gradle\wrapper\dists\gradle-9.5.0-bin\bvnork1r7n8i6kp5cnkibsc9q\gradle-9.5.0\lib\agents\gradle-instrumentation-agent-9.5.0.jar org.gradle.launcher.daemon.bootstrap.GradleDaemon 9.5.0

Host: AMD Ryzen 9 7940HS w/ Radeon 780M Graphics     , 16 cores, 31G,  Windows 11 , 64 bit Build 26100 (10.0.26100.8972)
Time: Sun Aug 23 20:47:54 2026 SE Asia Standard Time elapsed time: 306.875249 seconds (0d 0h 5m 6s)

---------------  T H R E A D  ---------------

Current thread (0x0000018cfa5a0b10):  WorkerThread "GC Thread#9"    [id=48976, stack(0x0000002113b00000,0x0000002113c00000) (1024K)]

Stack: [0x0000002113b00000,0x0000002113c00000],  sp=0x0000002113bff748,  free space=1021k
Native frames: (J=compiled Java code, j=interpreted, Vv=VM code, C=native code)
V  [jvm.dll+0xc506]


siginfo: EXCEPTION_ACCESS_VIOLATION (0xc0000005), reading address 0x0000018da2419b48


Registers:
RAX=0x0000000000000001, RBX=0x0000000000000101, RCX=0x00000000875c61d8, RDX=0x00000000875c61d8
RSP=0x0000002113bff748, RBP=0x0000000000002445, RSI=0x0000018c96679c20, RDI=0xed000000ee000001
R8 =0x0000018da2419b40, R9 =0xed000000ee000001, R10=0x0000000000000002, R11=0x0000000000000001
R12=0x0000000000000003, R13=0x00000000875c61d8, R14=0x0000018c831f3a20, R15=0x0000018da2419b40
RIP=0x00007fffc9f0c506, EFLAGS=0x0000000000010202

XMM[0]=0x0000006100002268 0x0000000000000031
XMM[1]=0x3b33682f68706172 0x672f38722f736c6f
XMM[2]=0x0000000000000000 0x0000000000000000
XMM[3]=0x0000000000000000 0x0000000000000000
XMM[4]=0x0000000000000000 0x0000000000000000
XMM[5]=0x72672f38722f736c 0x6f6f742f64696f72
XMM[6]=0x0000000000000000 0x0000000000000000
XMM[7]=0x0000000000000000 0x0000000000000000
XMM[8]=0x0000000000000000 0x0000000000000000
XMM[9]=0x0000000000000000 0x0000000000000000
XMM[10]=0x0000000000000000 0x0000000000000000
XMM[11]=0x0000000000000000 0x0000000000000000
XMM[12]=0x0000000000000000 0x0000000000000000
XMM[13]=0x0000000000000000 0x0000000000000000
XMM[14]=0x0000000000000000 0x0000000000000000
XMM[15]=0x0000000000000000 0x0000000000000000
  MXCSR=0x00001fa0


Register to memory mapping:

RAX=0x0000000000000001 is an unknown value
RBX=0x0000000000000101 is an unknown value
RCX=0x00000000875c61d8 is an oop: com.google.common.collect.MapMakerInternalMap$StrongKeyWeakValueEntry$LinkedStrongKeyWeakValueEntry 
{0x00000000875c61d8} - klass: 'com/google/common/collect/MapMakerInternalMap$StrongKeyWeakValueEntry$LinkedStrongKeyWeakValueEntry'
 - ---- fields (total size 4 words):
 - final 'hash' 'I' @12  2077091918 (0x7bcde84e)
 - final 'key' 'Ljava/lang/Object;' @16  "com.android.tools.r8.internal.rv0"{0x000000008845bce8} (0x8845bce8)
 - private volatile 'valueReference' 'Lcom/google/common/collect/MapMakerInternalMap$WeakValueReference;' @20  a 'com/google/common/collect/MapMakerInternalMap$WeakValueReferenceImpl'{0x00000000875c61f8} (0x875c61f8)
 - private final 'next' 'Lcom/google/common/collect/MapMakerInternalMap$StrongKeyWeakValueEntry;' @24  a 'com/google/common/collect/MapMakerInternalMap$StrongKeyWeakValueEntry'{0x0000000083f6acd8} (0x83f6acd8)
RDX=0x00000000875c61d8 is an oop: com.google.common.collect.MapMakerInternalMap$StrongKeyWeakValueEntry$LinkedStrongKeyWeakValueEntry 
{0x00000000875c61d8} - klass: 'com/google/common/collect/MapMakerInternalMap$StrongKeyWeakValueEntry$LinkedStrongKeyWeakValueEntry'
 - ---- fields (total size 4 words):
 - final 'hash' 'I' @12  2077091918 (0x7bcde84e)
 - final 'key' 'Ljava/lang/Object;' @16  "com.android.tools.r8.internal.rv0"{0x000000008845bce8} (0x8845bce8)
 - private volatile 'valueReference' 'Lcom/google/common/collect/MapMakerInternalMap$WeakValueReference;' @20  a 'com/google/common/collect/MapMakerInternalMap$WeakValueReferenceImpl'{0x00000000875c61f8} (0x875c61f8)
 - private final 'next' 'Lcom/google/common/collect/MapMakerInternalMap$StrongKeyWeakValueEntry;' @24  a 'com/google/common/collect/MapMakerInternalMap$StrongKeyWeakValueEntry'{0x0000000083f6acd8} (0x83f6acd8)
RSP=0x0000002113bff748 points into unknown readable memory: 0x00007fffca257f3b | 3b 7f 25 ca ff 7f 00 00
RBP=0x0000000000002445 is an unknown value
RSI=0x0000018c96679c20 points into unknown readable memory: 0x0000000000000000 | 00 00 00 00 00 00 00 00
RDI=0xed000000ee000001 is an unknown value
R8 =0x0000018da2419b40 is an unknown value
R9 =0xed000000ee000001 is an unknown value
R10=0x0000000000000002 is an unknown value
R11=0x0000000000000001 is an unknown value
R12=0x0000000000000003 is an unknown value
R13=0x00000000875c61d8 is an oop: com.google.common.collect.MapMakerInternalMap$StrongKeyWeakValueEntry$LinkedStrongKeyWeakValueEntry 
{0x00000000875c61d8} - klass: 'com/google/common/collect/MapMakerInternalMap$StrongKeyWeakValueEntry$LinkedStrongKeyWeakValueEntry'
 - ---- fields (total size 4 words):
 - final 'hash' 'I' @12  2077091918 (0x7bcde84e)
 - final 'key' 'Ljava/lang/Object;' @16  "com.android.tools.r8.internal.rv0"{0x000000008845bce8} (0x8845bce8)
 - private volatile 'valueReference' 'Lcom/google/common/collect/MapMakerInternalMap$WeakValueReference;' @20  a 'com/google/common/collect/MapMakerInternalMap$WeakValueReferenceImpl'{0x00000000875c61f8} (0x875c61f8)
 - private final 'next' 'Lcom/google/common/collect/MapMakerInternalMap$StrongKeyWeakValueEntry;' @24  a 'com/google/common/collect/MapMakerInternalMap$StrongKeyWeakValueEntry'{0x0000000083f6acd8} (0x83f6acd8)
R14=0x0000018c831f3a20 points into unknown readable memory: 0x00007fffca92bca8 | a8 bc 92 ca ff 7f 00 00
R15=0x0000018da2419b40 is an unknown value

Top of Stack: (sp=0x0000002113bff748)
0x0000002113bff748:   00007fffca257f3b 0000000000000009
0x0000002113bff758:   0000000000000000 0000000090e0fc28
0x0000002113bff768:   0000000000000000 0000018c831f3ba8
0x0000002113bff778:   00007fffca256347 0000000000000009
0x0000002113bff788:   0000018cb3b995b0 0000018c831f3a38
0x0000002113bff798:   0000018cae942457 0000018c831f3ba8
0x0000002113bff7a8:   0000000000000000 0000000000000040
0x0000002113bff7b8:   0000018cfa6a2a30 0000000000000003
0x0000002113bff7c8:   0000018c831f3a20 0000018c96679c20
0x0000002113bff7d8:   0000000000002445 000000008e4984c8
0x0000002113bff7e8:   00007fffca259163 0000000087280001
0x0000002113bff7f8:   0000000000000100 0000018c00000000
0x0000002113bff808:   0000000000000020 000000008e4b9400
0x0000002113bff818:   00000000000000e4 0000002113bffa10
0x0000002113bff828:   000000008e4b9a00 0000002113bffa10
0x0000002113bff838:   00007fffca2558ce 000000008e4b9a00
0x0000002113bff848:   0000018c831f3a20 000000008e4b9400
0x0000002113bff858:   00000000000000c0 00000000b6e85701
0x0000002113bff868:   0000000000000000 0000000000000003
0x0000002113bff878:   0000002113bffa10 0000018cb3c50e10
0x0000002113bff888:   00007fffca26243b 00000000000000e4
0x0000002113bff898:   0000018cb3c50e10 0000002113bffa10
0x0000002113bff8a8:   00007fffca5c6b4f 000000008e4b9400
0x0000002113bff8b8:   00000000000000c0 00007fffca92cec0
0x0000002113bff8c8:   0000000000000000 0000018c966721e0
0x0000002113bff8d8:   0000018c831f3a20 0000002113bffa60
0x0000002113bff8e8:   00007fffca75d207 0000018cf5468270
0x0000002113bff8f8:   0000018cae9425e0 0000018c96667580
0x0000002113bff908:   00007fffca2640f9 0000002113bff990
0x0000002113bff918:   00007fffca24c702 0000000000000003
0x0000002113bff928:   0000018cae9425cd 0000000000000003
0x0000002113bff938:   000000000000002a 0000018c94133cf0 

Instructions: (pc=0x00007fffc9f0c506)
0x00007fffc9f0c406:   48 8b 05 e3 f5 cc 00 48 8b 48 60 48 8b 04 d1 48
0x00007fffc9f0c416:   85 c0 75 08 48 8b 05 d7 f5 cc 00 c3 48 8b 05 c7
0x00007fffc9f0c426:   f5 cc 00 c3 cc cc cc cc cc cc 8b 05 82 cb c1 00
0x00007fffc9f0c436:   c3 cc cc cc cc cc cc cc cc cc 0f b6 05 db e1 c1
0x00007fffc9f0c446:   00 48 8b d1 84 c0 74 16 44 8b 41 08 8b 0d 60 cb
0x00007fffc9f0c456:   c1 00 49 d3 e0 4c 03 05 4e cb c1 00 eb 04 4c 8b
0x00007fffc9f0c466:   41 08 45 8b 48 08 45 85 c9 7e 0e 41 f6 c1 01 75
0x00007fffc9f0c476:   53 41 c1 f9 03 49 63 c1 c3 79 49 84 c0 41 b8 0c
0x00007fffc9f0c486:   00 00 00 8b 05 99 dc c1 00 b9 10 00 00 00 41 0f
0x00007fffc9f0c496:   45 c8 ff c8 4c 63 c0 41 8b c1 48 c1 f8 10 0f b6
0x00007fffc9f0c4a6:   c0 48 63 14 11 41 8b c9 83 e1 3f 48 d3 e2 49 8d
0x00007fffc9f0c4b6:   0c 10 49 f7 d0 48 03 c1 49 c1 e8 03 48 c1 e8 03
0x00007fffc9f0c4c6:   49 23 c0 c3 49 8b 00 49 8b c8 48 ff a0 00 01 00
0x00007fffc9f0c4d6:   00 cc cc cc cc cc cc cc cc cc 8b 44 24 30 45 03
0x00007fffc9f0c4e6:   c9 44 2b 4c 24 28 83 c0 0b 44 03 ca 45 03 c8 41
0x00007fffc9f0c4f6:   03 c1 c3 cc cc cc cc cc cc cc 4c 8b c2 48 8b d1
0x00007fffc9f0c506:   45 8b 48 08 45 85 c9 7e 0e 41 f6 c1 01 75 56 41
0x00007fffc9f0c516:   c1 f9 03 49 63 c1 c3 79 4c 80 3d fc e0 c1 00 00
0x00007fffc9f0c526:   b8 0c 00 00 00 b9 10 00 00 00 0f 45 c8 8b 05 ef
0x00007fffc9f0c536:   db c1 00 ff c8 4c 63 c0 41 8b c1 48 c1 f8 10 48
0x00007fffc9f0c546:   63 14 11 41 8b c9 83 e1 3f 0f b6 c0 48 d3 e2 49
0x00007fffc9f0c556:   8d 0c 10 49 f7 d0 48 03 c1 49 c1 e8 03 48 c1 e8
0x00007fffc9f0c566:   03 49 23 c0 c3 49 8b 00 49 8b c8 48 ff a0 00 01
0x00007fffc9f0c576:   00 00 cc cc cc cc cc cc cc cc 48 8b 41 08 0f b7
0x00007fffc9f0c586:   48 2c 0f b7 40 2a 83 c0 48 03 c1 c3 cc cc cc cc
0x00007fffc9f0c596:   cc cc cc cc cc cc cc cc cc cc 48 89 5c 24 08 57
0x00007fffc9f0c5a6:   48 83 ec 20 0f b6 05 8f dd cc 00 48 8b fa 48 8b
0x00007fffc9f0c5b6:   d9 84 c0 74 4f 48 85 15 26 d5 cc 00 74 38 48 8b
0x00007fffc9f0c5c6:   ca e8 54 d5 8c 00 48 8b d0 48 85 db 74 25 48 85
0x00007fffc9f0c5d6:   c0 74 20 48 8b c7 f0 48 0f b1 13 74 16 48 85 05
0x00007fffc9f0c5e6:   fe d4 cc 00 74 0d 48 8b c8 f0 48 0f b1 13 48 3b
0x00007fffc9f0c5f6:   c1 75 ea 48 8b fa 48 8b c7 48 8b 5c 24 30 48 83 


Stack slot to memory mapping:

stack at sp + 0 slots: 0x00007fffca257f3b jvm.dll
stack at sp + 1 slots: 0x0000000000000009 is an unknown value
stack at sp + 2 slots: 0x0 is null
stack at sp + 3 slots: 0x0000000090e0fc28 is an oop: com.google.common.collect.MapMakerInternalMap$WeakValueReferenceImpl 
{0x0000000090e0fc28} - klass: 'com/google/common/collect/MapMakerInternalMap$WeakValueReferenceImpl'
 - ---- fields (total size 4 words):
 - private 'referent' 'Ljava/lang/Object;' @12  a 'java/lang/Object'{0x0000000081c3cba8} (0x81c3cba8)
 - volatile 'queue' 'Ljava/lang/ref/ReferenceQueue;' @16  a 'java/lang/ref/ReferenceQueue'{0x0000000081cdb6e8} (0x81cdb6e8)
 - volatile 'next' 'Ljava/lang/ref/Reference;' @20  null (0x00000000)
 - private transient 'discovered' 'Ljava/lang/ref/Reference;' @24  null (0x00000000)
 - final 'entry' 'Lcom/google/common/collect/MapMakerInternalMap$InternalEntry;' @28  a 'com/google/common/collect/MapMakerInternalMap$StrongKeyWeakValueEntry'{0x0000000090e0fc10} (0x90e0fc10)
stack at sp + 4 slots: 0x0 is null
stack at sp + 5 slots: 0x0000018c831f3ba8 points into unknown readable memory: 0x00007fffca92bc60 | 60 bc 92 ca ff 7f 00 00
stack at sp + 6 slots: 0x00007fffca256347 jvm.dll
stack at sp + 7 slots: 0x0000000000000009 is an unknown value


---------------  P R O C E S S  ---------------

Threads class SMR info:
_java_thread_list=0x0000018cb3c4f480, length=93, elements={
0x0000018c9420e2f0, 0x0000018cf5149fa0, 0x0000018cf514a9f0, 0x0000018cf514d580,
0x0000018cf5152290, 0x0000018cf5152f50, 0x0000018cf5155a50, 0x0000018cf5158520,
0x0000018cf5158cf0, 0x0000018cf52dc030, 0x0000018cf543cd10, 0x0000018cfb504940,
0x0000018cfb901560, 0x0000018cfba7c640, 0x0000018cfb6af460, 0x0000018cfb6b0180,
0x0000018cfb6ae0b0, 0x0000018cfbe82050, 0x0000018cfbe84120, 0x0000018cfbe847b0,
0x0000018c817d3d60, 0x0000018c801f9720, 0x0000018cfcfcbba0, 0x0000018cfcfcf6b0,
0x0000018cfcfd0a60, 0x0000018cfcfd10f0, 0x0000018cfbdb5460, 0x0000018cfbdb40b0,
0x0000018cfbdb6810, 0x0000018cfbdb3a20, 0x0000018cfbdb7530, 0x0000018cfbdb7bc0,
0x0000018cfbdb4740, 0x0000018cfbdb9600, 0x0000018cfbdb9c90, 0x0000018cfbdbbd60,
0x0000018cfbdb88e0, 0x0000018c8495e430, 0x0000018c8495fe70, 0x0000018c8495d080,
0x0000018c8495f150, 0x0000018c8495eac0, 0x0000018c8495c9f0, 0x0000018c84962c60,
0x0000018c849625d0, 0x0000018c849618b0, 0x0000018c84963980, 0x0000018c849632f0,
0x0000018c84960500, 0x0000018c84961f40, 0x0000018c84961220, 0x0000018c84964010,
0x0000018cfbdb8250, 0x0000018cfbdba320, 0x0000018cfbdb8f70, 0x0000018cfbdb6ea0,
0x0000018cfbdbca80, 0x0000018cfbdbd110, 0x0000018cfbdbd7a0, 0x0000018cfbdbde30,
0x0000018cfbdbe4c0, 0x0000018cfbdbeb50, 0x0000018c8a5222d0, 0x0000018c8a5250c0,
0x0000018c8a525750, 0x0000018cfb7cd920, 0x0000018cfb7ced90, 0x0000018c8a523680,
0x0000018c8a527190, 0x0000018c8a527820, 0x0000018c8a5243a0, 0x0000018c8a529f80,
0x0000018c8a5298f0, 0x0000018c8a52a610, 0x0000018c8a529260, 0x0000018c8a52aca0,
0x0000018c8a52b330, 0x0000018c8a527eb0, 0x0000018c8a52b9c0, 0x0000018c8a528bd0,
0x0000018c8a528540, 0x0000018c8a52ee40, 0x0000018c8a52d400, 0x0000018cf53b05f0,
0x0000018c8a52fb60, 0x0000018c8a530880, 0x0000018c8a530f10, 0x0000018c8284d120,
0x0000018c8284b050, 0x0000018c8284ca90, 0x0000018c8284a330, 0x0000018c81250b40,
0x0000018c834ea770
}

Java Threads: ( => current thread )
  0x0000018c9420e2f0 JavaThread "main"                              [_thread_blocked, id=22360, stack(0x0000002111b00000,0x0000002111c00000) (1024K)]
  0x0000018cf5149fa0 JavaThread "Reference Handler"          daemon [_thread_blocked, id=23944, stack(0x0000002112300000,0x0000002112400000) (1024K)]
  0x0000018cf514a9f0 JavaThread "Finalizer"                  daemon [_thread_blocked, id=6224, stack(0x0000002112400000,0x0000002112500000) (1024K)]
  0x0000018cf514d580 JavaThread "Signal Dispatcher"          daemon [_thread_blocked, id=12444, stack(0x0000002112500000,0x0000002112600000) (1024K)]
  0x0000018cf5152290 JavaThread "Attach Listener"            daemon [_thread_blocked, id=34460, stack(0x0000002112600000,0x0000002112700000) (1024K)]
  0x0000018cf5152f50 JavaThread "Service Thread"             daemon [_thread_blocked, id=42956, stack(0x0000002112700000,0x0000002112800000) (1024K)]
  0x0000018cf5155a50 JavaThread "Monitor Deflation Thread"   daemon [_thread_blocked, id=48084, stack(0x0000002112800000,0x0000002112900000) (1024K)]
  0x0000018cf5158520 JavaThread "C2 CompilerThread0"         daemon [_thread_blocked, id=41612, stack(0x0000002112900000,0x0000002112a00000) (1024K)]
  0x0000018cf5158cf0 JavaThread "C1 CompilerThread0"         daemon [_thread_blocked, id=2176, stack(0x0000002112a00000,0x0000002112b00000) (1024K)]
  0x0000018cf52dc030 JavaThread "Common-Cleaner"             daemon [_thread_blocked, id=48812, stack(0x0000002112c00000,0x0000002112d00000) (1024K)]
  0x0000018cf543cd10 JavaThread "Notification Thread"        daemon [_thread_blocked, id=53056, stack(0x0000002112f00000,0x0000002113000000) (1024K)]
  0x0000018cfb504940 JavaThread "Daemon health stats"               [_thread_blocked, id=50764, stack(0x0000002113f00000,0x0000002114000000) (1024K)]
  0x0000018cfb901560 JavaThread "Incoming local TCP Connector on port 53813"        [_thread_in_native, id=53104, stack(0x0000002114000000,0x0000002114100000) (1024K)]
  0x0000018cfba7c640 JavaThread "Daemon periodic checks"            [_thread_blocked, id=50748, stack(0x0000002114100000,0x0000002114200000) (1024K)]
  0x0000018cfb6af460 JavaThread "Cache worker for journal cache (C:\Users\ASUS\.gradle\caches\journal-1)"        [_thread_blocked, id=7488, stack(0x0000002114900000,0x0000002114a00000) (1024K)]
  0x0000018cfb6b0180 JavaThread "File lock request listener"        [_thread_in_native, id=3036, stack(0x0000002114a00000,0x0000002114b00000) (1024K)]
  0x0000018cfb6ae0b0 JavaThread "Cache worker for file hash cache (C:\Users\ASUS\.gradle\caches\9.5.0\fileHashes)"        [_thread_blocked, id=49204, stack(0x0000002114b00000,0x0000002114c00000) (1024K)]
  0x0000018cfbe82050 JavaThread "Cache worker for file content cache (C:\Users\ASUS\.gradle\caches\9.5.0\fileContent)"        [_thread_blocked, id=48480, stack(0x0000002115200000,0x0000002115300000) (1024K)]
  0x0000018cfbe84120 JavaThread "File watcher server"        daemon [_thread_blocked, id=52928, stack(0x0000002113200000,0x0000002113300000) (1024K)]
  0x0000018cfbe847b0 JavaThread "File watcher consumer"      daemon [_thread_blocked, id=50128, stack(0x0000002115300000,0x0000002115400000) (1024K)]
  0x0000018c817d3d60 JavaThread "Memory manager"                    [_thread_blocked, id=23196, stack(0x0000002115600000,0x0000002115700000) (1024K)]
  0x0000018c801f9720 JavaThread "pool-2-thread-1"                   [_thread_blocked, id=47044, stack(0x0000002118000000,0x0000002118100000) (1024K)]
  0x0000018cfcfcbba0 JavaThread "RMI Scheduler(0)"           daemon [_thread_blocked, id=23584, stack(0x0000002112e00000,0x0000002112f00000) (1024K)]
  0x0000018cfcfcf6b0 JavaThread "RMI GC Daemon"              daemon [_thread_blocked, id=27924, stack(0x0000002113100000,0x0000002113200000) (1024K)]
  0x0000018cfcfd0a60 JavaThread "RMI TCP Accept-0"           daemon [_thread_in_native, id=52732, stack(0x0000002116d00000,0x0000002116e00000) (1024K)]
  0x0000018cfcfd10f0 JavaThread "RMI Reaper"                        [_thread_blocked, id=41920, stack(0x0000002117d00000,0x0000002117e00000) (1024K)]
  0x0000018cfbdb5460 JavaThread "ForkJoinPool.commonPool-worker-1" daemon [_thread_blocked, id=52896, stack(0x0000002119b00000,0x0000002119c00000) (1024K)]
  0x0000018cfbdb40b0 JavaThread "ForkJoinPool.commonPool-worker-2" daemon [_thread_blocked, id=49452, stack(0x0000002119c00000,0x0000002119d00000) (1024K)]
  0x0000018cfbdb6810 JavaThread "ForkJoinPool.commonPool-worker-3" daemon [_thread_blocked, id=47668, stack(0x0000002119d00000,0x0000002119e00000) (1024K)]
  0x0000018cfbdb3a20 JavaThread "ForkJoinPool.commonPool-worker-5" daemon [_thread_blocked, id=12500, stack(0x0000002119f00000,0x000000211a000000) (1024K)]
  0x0000018cfbdb7530 JavaThread "ForkJoinPool.commonPool-worker-6" daemon [_thread_blocked, id=49708, stack(0x000000211a000000,0x000000211a100000) (1024K)]
  0x0000018cfbdb7bc0 JavaThread "ForkJoinPool.commonPool-worker-7" daemon [_thread_blocked, id=4528, stack(0x000000211a100000,0x000000211a200000) (1024K)]
  0x0000018cfbdb4740 JavaThread "ForkJoinPool.commonPool-worker-8" daemon [_thread_blocked, id=40964, stack(0x000000211a200000,0x000000211a300000) (1024K)]
  0x0000018cfbdb9600 JavaThread "ForkJoinPool.commonPool-worker-12" daemon [_thread_blocked, id=53188, stack(0x000000211a600000,0x000000211a700000) (1024K)]
  0x0000018cfbdb9c90 JavaThread "ForkJoinPool.commonPool-worker-13" daemon [_thread_blocked, id=47860, stack(0x000000211a700000,0x000000211a800000) (1024K)]
  0x0000018cfbdbbd60 JavaThread "ForkJoinPool.commonPool-worker-14" daemon [_thread_blocked, id=18256, stack(0x000000211a800000,0x000000211a900000) (1024K)]
  0x0000018cfbdb88e0 JavaThread "ForkJoinPool.commonPool-worker-15" daemon [_thread_blocked, id=51288, stack(0x000000211a900000,0x000000211aa00000) (1024K)]
  0x0000018c8495e430 JavaThread "Daemon Thread 2"                   [_thread_blocked, id=5096, stack(0x0000002111800000,0x0000002111900000) (1024K)]
  0x0000018c8495fe70 JavaThread "Handler for socket connection from /127.0.0.1:53813 to /127.0.0.1:51957"        [_thread_in_native, id=47708, stack(0x0000002111900000,0x0000002111a00000) (1024K)]
  0x0000018c8495d080 JavaThread "Cancel handler"                    [_thread_blocked, id=37952, stack(0x0000002111a00000,0x0000002111b00000) (1024K)]
  0x0000018c8495f150 JavaThread "Daemon worker Thread 2"            [_thread_blocked, id=36436, stack(0x0000002112b00000,0x0000002112c00000) (1024K)]
  0x0000018c8495eac0 JavaThread "Asynchronous log dispatcher for DefaultDaemonConnection: socket connection from /127.0.0.1:53813 to /127.0.0.1:51957"        [_thread_blocked, id=50104, stack(0x0000002112d00000,0x0000002112e00000) (1024K)]
  0x0000018c8495c9f0 JavaThread "Stdin handler"                     [_thread_blocked, id=22404, stack(0x0000002113000000,0x0000002113100000) (1024K)]
  0x0000018c84962c60 JavaThread "Daemon client event forwarder"        [_thread_blocked, id=49236, stack(0x0000002113e00000,0x0000002113f00000) (1024K)]
  0x0000018c849625d0 JavaThread "Cache worker for file hash cache (D:\Android\FootballClips\.gradle\9.5.0\fileHashes)"        [_thread_blocked, id=48892, stack(0x0000002114600000,0x0000002114700000) (1024K)]
  0x0000018c849618b0 JavaThread "Cache worker for Build Output Cleanup Cache (D:\Android\FootballClips\.gradle\buildOutputCleanup)"        [_thread_blocked, id=52660, stack(0x0000002114700000,0x0000002114800000) (1024K)]
  0x0000018c84963980 JavaThread "jar transforms"                    [_thread_blocked, id=38116, stack(0x0000002115400000,0x0000002115500000) (1024K)]
  0x0000018c849632f0 JavaThread "jar transforms Thread 2"           [_thread_blocked, id=40724, stack(0x0000002115500000,0x0000002115600000) (1024K)]
  0x0000018c84960500 JavaThread "jar transforms Thread 3"           [_thread_blocked, id=40576, stack(0x0000002115700000,0x0000002115800000) (1024K)]
  0x0000018c84961f40 JavaThread "jar transforms Thread 4"           [_thread_blocked, id=46456, stack(0x0000002115800000,0x0000002115900000) (1024K)]
  0x0000018c84961220 JavaThread "jar transforms Thread 5"           [_thread_blocked, id=52964, stack(0x0000002115900000,0x0000002115a00000) (1024K)]
  0x0000018c84964010 JavaThread "jar transforms Thread 6"           [_thread_blocked, id=48728, stack(0x0000002115a00000,0x0000002115b00000) (1024K)]
  0x0000018cfbdb8250 JavaThread "jar transforms Thread 7"           [_thread_blocked, id=49760, stack(0x0000002115b00000,0x0000002115c00000) (1024K)]
  0x0000018cfbdba320 JavaThread "jar transforms Thread 8"           [_thread_blocked, id=51196, stack(0x0000002115c00000,0x0000002115d00000) (1024K)]
  0x0000018cfbdb8f70 JavaThread "jar transforms Thread 9"           [_thread_blocked, id=17480, stack(0x0000002115d00000,0x0000002115e00000) (1024K)]
  0x0000018cfbdb6ea0 JavaThread "jar transforms Thread 10"          [_thread_blocked, id=53112, stack(0x0000002115e00000,0x0000002115f00000) (1024K)]
  0x0000018cfbdbca80 JavaThread "jar transforms Thread 11"          [_thread_blocked, id=45508, stack(0x0000002115f00000,0x0000002116000000) (1024K)]
  0x0000018cfbdbd110 JavaThread "jar transforms Thread 12"          [_thread_blocked, id=52748, stack(0x0000002116000000,0x0000002116100000) (1024K)]
  0x0000018cfbdbd7a0 JavaThread "jar transforms Thread 13"          [_thread_blocked, id=32204, stack(0x0000002116100000,0x0000002116200000) (1024K)]
  0x0000018cfbdbde30 JavaThread "jar transforms Thread 14"          [_thread_blocked, id=32252, stack(0x0000002116200000,0x0000002116300000) (1024K)]
  0x0000018cfbdbe4c0 JavaThread "jar transforms Thread 15"          [_thread_blocked, id=51028, stack(0x0000002116300000,0x0000002116400000) (1024K)]
  0x0000018cfbdbeb50 JavaThread "jar transforms Thread 16"          [_thread_blocked, id=15844, stack(0x0000002116400000,0x0000002116500000) (1024K)]
  0x0000018c8a5222d0 JavaThread "Cache worker for checksums cache (D:\Android\FootballClips\.gradle\9.5.0\checksums)"        [_thread_blocked, id=53196, stack(0x0000002114300000,0x0000002114400000) (1024K)]
  0x0000018c8a5250c0 JavaThread "Cache worker for cache directory md-supplier (C:\Users\ASUS\.gradle\caches\9.5.0\md-supplier)"        [_thread_blocked, id=48212, stack(0x0000002114400000,0x0000002114500000) (1024K)]
  0x0000018c8a525750 JavaThread "Cache worker for cache directory md-rule (C:\Users\ASUS\.gradle\caches\9.5.0\md-rule)"        [_thread_blocked, id=19036, stack(0x0000002114500000,0x0000002114600000) (1024K)]
  0x0000018cfb7cd920 JavaThread "C1 CompilerThread1"         daemon [_thread_blocked, id=20568, stack(0x0000002114800000,0x0000002114900000) (1024K)]
  0x0000018cfb7ced90 JavaThread "C1 CompilerThread2"         daemon [_thread_blocked, id=52728, stack(0x0000002114f00000,0x0000002115000000) (1024K)]
  0x0000018c8a523680 JavaThread "Build operations"                  [_thread_blocked, id=50292, stack(0x0000002116500000,0x0000002116600000) (1024K)]
  0x0000018c8a527190 JavaThread "Build operations Thread 2"         [_thread_blocked, id=27340, stack(0x0000002116600000,0x0000002116700000) (1024K)]
  0x0000018c8a527820 JavaThread "Build operations Thread 3"         [_thread_blocked, id=50552, stack(0x0000002116700000,0x0000002116800000) (1024K)]
  0x0000018c8a5243a0 JavaThread "Build operations Thread 4"         [_thread_blocked, id=39836, stack(0x0000002116800000,0x0000002116900000) (1024K)]
  0x0000018c8a529f80 JavaThread "Build operations Thread 5"         [_thread_blocked, id=48172, stack(0x0000002116a00000,0x0000002116b00000) (1024K)]
  0x0000018c8a5298f0 JavaThread "Build operations Thread 6"         [_thread_blocked, id=34252, stack(0x0000002116b00000,0x0000002116c00000) (1024K)]
  0x0000018c8a52a610 JavaThread "Build operations Thread 7"         [_thread_blocked, id=42768, stack(0x0000002116c00000,0x0000002116d00000) (1024K)]
  0x0000018c8a529260 JavaThread "Build operations Thread 8"         [_thread_blocked, id=46244, stack(0x0000002116e00000,0x0000002116f00000) (1024K)]
  0x0000018c8a52aca0 JavaThread "Build operations Thread 9"         [_thread_blocked, id=49696, stack(0x0000002116f00000,0x0000002117000000) (1024K)]
  0x0000018c8a52b330 JavaThread "Build operations Thread 10"        [_thread_blocked, id=22200, stack(0x0000002117000000,0x0000002117100000) (1024K)]
  0x0000018c8a527eb0 JavaThread "Build operations Thread 11"        [_thread_blocked, id=51540, stack(0x0000002117100000,0x0000002117200000) (1024K)]
  0x0000018c8a52b9c0 JavaThread "Build operations Thread 12"        [_thread_blocked, id=19216, stack(0x0000002117200000,0x0000002117300000) (1024K)]
  0x0000018c8a528bd0 JavaThread "Build operations Thread 13"        [_thread_blocked, id=50792, stack(0x0000002117300000,0x0000002117400000) (1024K)]
  0x0000018c8a528540 JavaThread "Build operations Thread 14"        [_thread_blocked, id=52988, stack(0x0000002117400000,0x0000002117500000) (1024K)]
  0x0000018c8a52ee40 JavaThread "Build operations Thread 15"        [_thread_blocked, id=45516, stack(0x0000002117500000,0x0000002117600000) (1024K)]
  0x0000018c8a52d400 JavaThread "Build operations Thread 16"        [_thread_blocked, id=2448, stack(0x0000002117600000,0x0000002117700000) (1024K)]
  0x0000018cf53b05f0 JavaThread "C1 CompilerThread3"         daemon [_thread_blocked, id=41604, stack(0x0000002116900000,0x0000002116a00000) (1024K)]
  0x0000018c8a52fb60 JavaThread "Kotlin DSL Writer"                 [_thread_blocked, id=49876, stack(0x0000002117b00000,0x0000002117c00000) (1024K)]
  0x0000018c8a530880 JavaThread "Cache worker for Kotlin DSL Plugin Entries (D:\Android\FootballClips\.gradle\9.5.0\kotlin-dsl-plugin-entries)"        [_thread_blocked, id=49500, stack(0x0000002117900000,0x0000002117a00000) (1024K)]
  0x0000018c8a530f10 JavaThread "pool-6-thread-1"                   [_thread_blocked, id=14276, stack(0x0000002117a00000,0x0000002117b00000) (1024K)]
  0x0000018c8284d120 JavaThread "DefaultDispatcher-worker-1" daemon [_thread_blocked, id=48140, stack(0x0000002115000000,0x0000002115100000) (1024K)]
  0x0000018c8284b050 JavaThread "DefaultDispatcher-worker-2" daemon [_thread_blocked, id=30520, stack(0x0000002115100000,0x0000002115200000) (1024K)]
  0x0000018c8284ca90 JavaThread "DefaultDispatcher-worker-3" daemon [_thread_blocked, id=48960, stack(0x0000002117700000,0x0000002117800000) (1024K)]
  0x0000018c8284a330 JavaThread "DefaultDispatcher-worker-4" daemon [_thread_blocked, id=47672, stack(0x0000002117800000,0x0000002117900000) (1024K)]
  0x0000018c81250b40 JavaThread "C2 CompilerThread1"         daemon [_thread_blocked, id=47788, stack(0x0000002114200000,0x0000002114300000) (1024K)]
  0x0000018c834ea770 JavaThread "C2 CompilerThread2"         daemon [_thread_blocked, id=8740, stack(0x0000002117c00000,0x0000002117d00000) (1024K)]
Total: 93

Other Threads:
  0x0000018cf5126b40 VMThread "VM Thread"                           [id=27784, stack(0x0000002112200000,0x0000002112300000) (1024K)]
  0x0000018cf511d510 WatcherThread "VM Periodic Task Thread"        [id=51032, stack(0x0000002112100000,0x0000002112200000) (1024K)]
  0x0000018c966b9990 WorkerThread "GC Thread#0"                     [id=51256, stack(0x0000002111c00000,0x0000002111d00000) (1024K)]
  0x0000018cfa79ee70 WorkerThread "GC Thread#1"                     [id=47228, stack(0x0000002113300000,0x0000002113400000) (1024K)]
  0x0000018cfa8f8340 WorkerThread "GC Thread#2"                     [id=50712, stack(0x0000002113400000,0x0000002113500000) (1024K)]
  0x0000018cfa8f86e0 WorkerThread "GC Thread#3"                     [id=52360, stack(0x0000002113500000,0x0000002113600000) (1024K)]
  0x0000018cfa79e530 WorkerThread "GC Thread#4"                     [id=49272, stack(0x0000002113600000,0x0000002113700000) (1024K)]
  0x0000018cfa6a2540 WorkerThread "GC Thread#5"                     [id=34800, stack(0x0000002113700000,0x0000002113800000) (1024K)]
  0x0000018cfa5c3110 WorkerThread "GC Thread#6"                     [id=41180, stack(0x0000002113800000,0x0000002113900000) (1024K)]
  0x0000018cfa5c3cd0 WorkerThread "GC Thread#7"                     [id=28436, stack(0x0000002113900000,0x0000002113a00000) (1024K)]
  0x0000018cfa5c4070 WorkerThread "GC Thread#8"                     [id=40412, stack(0x0000002113a00000,0x0000002113b00000) (1024K)]
=>0x0000018cfa5a0b10 WorkerThread "GC Thread#9"                     [id=48976, stack(0x0000002113b00000,0x0000002113c00000) (1024K)]
  0x0000018cfa5a1aa0 WorkerThread "GC Thread#10"                    [id=49432, stack(0x0000002113c00000,0x0000002113d00000) (1024K)]
  0x0000018cfa783510 WorkerThread "GC Thread#11"                    [id=43552, stack(0x0000002113d00000,0x0000002113e00000) (1024K)]
  0x0000018cfa784390 WorkerThread "GC Thread#12"                    [id=31156, stack(0x0000002114c00000,0x0000002114d00000) (1024K)]
  0x0000018c966ca880 ConcurrentGCThread "G1 Main Marker"            [id=51412, stack(0x0000002111d00000,0x0000002111e00000) (1024K)]
  0x0000018c966cc110 WorkerThread "G1 Conc#0"                       [id=41040, stack(0x0000002111e00000,0x0000002111f00000) (1024K)]
  0x0000018c804440b0 WorkerThread "G1 Conc#1"                       [id=49600, stack(0x0000002114d00000,0x0000002114e00000) (1024K)]
  0x0000018c80442e90 WorkerThread "G1 Conc#2"                       [id=49392, stack(0x0000002114e00000,0x0000002114f00000) (1024K)]
  0x0000018cb3d63050 ConcurrentGCThread "G1 Refine#0"               [id=10260, stack(0x0000002111f00000,0x0000002112000000) (1024K)]
  0x0000018cb3d64880 ConcurrentGCThread "G1 Service"                [id=46436, stack(0x0000002112000000,0x0000002112100000) (1024K)]
Total: 21

Threads with active compile tasks:
Total: 0

VM state: at safepoint (normal execution)

VM Mutex/Monitor currently owned by a thread:  ([mutex/lock_event])
[0x00007fffcabae308] Threads_lock - owner thread: 0x0000018cf5126b40
[0x00007fffcabae408] Heap_lock - owner thread: 0x0000018c8495f150

Heap address: 0x0000000080000000, size: 2048 MB, Compressed Oops mode: 32-bit

CDS archive(s) mapped at: [0x0000018cb4000000-0x0000018cb4c80000-0x0000018cb4c80000), size 13107200, SharedBaseAddress: 0x0000018cb4000000, ArchiveRelocationMode: 1.
Compressed class space mapped at: 0x0000018cb5000000-0x0000018cf5000000, reserved size: 1073741824
Narrow klass base: 0x0000018cb4000000, Narrow klass shift: 0, Narrow klass range: 0x100000000

GC Precious Log:
 CardTable entry size: 512
 Card Set container configuration: InlinePtr #cards 5 size 8 Array Of Cards #cards 12 size 40 Howl #buckets 4 coarsen threshold 1843 Howl Bitmap #cards 512 size 80 coarsen threshold 460 Card regions per heap region 1 cards per card region 2048
 CPUs: 16 total, 16 available
 Memory: 31963M
 Large Page Support: Disabled
 NUMA Support: Disabled
 Compressed Oops: Enabled (32-bit)
 Heap Region Size: 1M
 Heap Min Capacity: 8M
 Heap Initial Capacity: 500M
 Heap Max Capacity: 2G
 Pre-touch: Disabled
 Parallel Workers: 13
 Concurrent Workers: 3
 Concurrent Refinement Workers: 13
 Periodic GC: Disabled

Heap:
 garbage-first heap   total 480256K, used 429656K [0x0000000080000000, 0x0000000100000000)
  region size 1024K, 149 young (152576K), 11 survivors (11264K)
 Metaspace       used 239948K, committed 243200K, reserved 1310720K
  class space    used 31923K, committed 33536K, reserved 1048576K

Heap Regions: E=young(eden), S=young(survivor), O=old, HS=humongous(starts), HC=humongous(continues), CS=collection set, F=free, TAMS=top-at-mark-start, PB=parsable bottom
|   0|0x0000000080000000, 0x0000000080100000, 0x0000000080100000|100%|HS|  |TAMS 0x0000000080000000| PB 0x0000000080000000| Complete 
|   1|0x0000000080100000, 0x0000000080200000, 0x0000000080200000|100%|HC|  |TAMS 0x0000000080100000| PB 0x0000000080100000| Complete 
|   2|0x0000000080200000, 0x0000000080300000, 0x0000000080300000|100%|HC|  |TAMS 0x0000000080200000| PB 0x0000000080200000| Complete 
|   3|0x0000000080300000, 0x0000000080400000, 0x0000000080400000|100%|HC|  |TAMS 0x0000000080300000| PB 0x0000000080300000| Complete 
|   4|0x0000000080400000, 0x0000000080500000, 0x0000000080500000|100%|HS|  |TAMS 0x0000000080400000| PB 0x0000000080400000| Complete 
|   5|0x0000000080500000, 0x0000000080600000, 0x0000000080600000|100%| O|  |TAMS 0x0000000080500000| PB 0x0000000080500000| Untracked 
|   6|0x0000000080600000, 0x0000000080700000, 0x0000000080700000|100%| O|  |TAMS 0x0000000080600000| PB 0x0000000080600000| Untracked 
|   7|0x0000000080700000, 0x0000000080800000, 0x0000000080800000|100%| O|  |TAMS 0x0000000080700000| PB 0x0000000080700000| Untracked 
|   8|0x0000000080800000, 0x0000000080900000, 0x0000000080900000|100%|HS|  |TAMS 0x0000000080800000| PB 0x0000000080800000| Complete 
|   9|0x0000000080900000, 0x0000000080a00000, 0x0000000080a00000|100%|HS|  |TAMS 0x0000000080900000| PB 0x0000000080900000| Complete 
|  10|0x0000000080a00000, 0x0000000080b00000, 0x0000000080b00000|100%| O|  |TAMS 0x0000000080a00000| PB 0x0000000080a00000| Untracked 
|  11|0x0000000080b00000, 0x0000000080c00000, 0x0000000080c00000|100%| O|  |TAMS 0x0000000080b00000| PB 0x0000000080b00000| Untracked 
|  12|0x0000000080c00000, 0x0000000080d00000, 0x0000000080d00000|100%| O|  |TAMS 0x0000000080c00000| PB 0x0000000080c00000| Untracked 
|  13|0x0000000080d00000, 0x0000000080e00000, 0x0000000080e00000|100%| O|  |TAMS 0x0000000080d00000| PB 0x0000000080d00000| Untracked 
|  14|0x0000000080e00000, 0x0000000080f00000, 0x0000000080f00000|100%|HS|  |TAMS 0x0000000080e00000| PB 0x0000000080e00000| Complete 
|  15|0x0000000080f00000, 0x0000000081000000, 0x0000000081000000|100%|HS|  |TAMS 0x0000000080f00000| PB 0x0000000080f00000| Complete 
|  16|0x0000000081000000, 0x0000000081100000, 0x0000000081100000|100%| O|  |TAMS 0x0000000081000000| PB 0x0000000081000000| Untracked 
|  17|0x0000000081100000, 0x0000000081200000, 0x0000000081200000|100%| O|  |TAMS 0x0000000081100000| PB 0x0000000081100000| Untracked 
|  18|0x0000000081200000, 0x0000000081300000, 0x0000000081300000|100%| O|  |TAMS 0x0000000081200000| PB 0x0000000081200000| Untracked 
|  19|0x0000000081300000, 0x0000000081400000, 0x0000000081400000|100%| O|  |TAMS 0x0000000081300000| PB 0x0000000081300000| Untracked 
|  20|0x0000000081400000, 0x0000000081500000, 0x0000000081500000|100%| O|  |TAMS 0x0000000081400000| PB 0x0000000081400000| Untracked 
|  21|0x0000000081500000, 0x0000000081600000, 0x0000000081600000|100%| O|  |TAMS 0x0000000081500000| PB 0x0000000081500000| Untracked 
|  22|0x0000000081600000, 0x0000000081700000, 0x0000000081700000|100%| O|  |TAMS 0x0000000081600000| PB 0x0000000081600000| Untracked 
|  23|0x0000000081700000, 0x0000000081800000, 0x0000000081800000|100%| O|  |TAMS 0x0000000081700000| PB 0x0000000081700000| Untracked 
|  24|0x0000000081800000, 0x0000000081900000, 0x0000000081900000|100%| O|  |TAMS 0x0000000081800000| PB 0x0000000081800000| Untracked 
|  25|0x0000000081900000, 0x0000000081a00000, 0x0000000081a00000|100%| O|  |TAMS 0x0000000081900000| PB 0x0000000081900000| Untracked 
|  26|0x0000000081a00000, 0x0000000081b00000, 0x0000000081b00000|100%| O|  |TAMS 0x0000000081a00000| PB 0x0000000081a00000| Untracked 
|  27|0x0000000081b00000, 0x0000000081c00000, 0x0000000081c00000|100%| O|  |TAMS 0x0000000081b00000| PB 0x0000000081b00000| Untracked 
|  28|0x0000000081c00000, 0x0000000081d00000, 0x0000000081d00000|100%| O|  |TAMS 0x0000000081c00000| PB 0x0000000081c00000| Untracked 
|  29|0x0000000081d00000, 0x0000000081e00000, 0x0000000081e00000|100%|HS|  |TAMS 0x0000000081d00000| PB 0x0000000081d00000| Complete 
|  30|0x0000000081e00000, 0x0000000081f00000, 0x0000000081f00000|100%|HC|  |TAMS 0x0000000081e00000| PB 0x0000000081e00000| Complete 
|  31|0x0000000081f00000, 0x0000000082000000, 0x0000000082000000|100%|HS|  |TAMS 0x0000000081f00000| PB 0x0000000081f00000| Complete 
|  32|0x0000000082000000, 0x0000000082100000, 0x0000000082100000|100%|HS|  |TAMS 0x0000000082000000| PB 0x0000000082000000| Complete 
|  33|0x0000000082100000, 0x0000000082200000, 0x0000000082200000|100%|HS|  |TAMS 0x0000000082100000| PB 0x0000000082100000| Complete 
|  34|0x0000000082200000, 0x0000000082300000, 0x0000000082300000|100%|HC|  |TAMS 0x0000000082200000| PB 0x0000000082200000| Complete 
|  35|0x0000000082300000, 0x0000000082400000, 0x0000000082400000|100%| O|  |TAMS 0x0000000082300000| PB 0x0000000082300000| Untracked 
|  36|0x0000000082400000, 0x0000000082500000, 0x0000000082500000|100%| O|  |TAMS 0x0000000082400000| PB 0x0000000082400000| Untracked 
|  37|0x0000000082500000, 0x0000000082600000, 0x0000000082600000|100%| O|  |TAMS 0x0000000082500000| PB 0x0000000082500000| Untracked 
|  38|0x0000000082600000, 0x0000000082700000, 0x0000000082700000|100%| O|  |TAMS 0x0000000082600000| PB 0x0000000082600000| Untracked 
|  39|0x0000000082700000, 0x0000000082800000, 0x0000000082800000|100%| O|  |TAMS 0x0000000082700000| PB 0x0000000082700000| Untracked 
|  40|0x0000000082800000, 0x0000000082900000, 0x0000000082900000|100%| O|  |TAMS 0x0000000082800000| PB 0x0000000082800000| Untracked 
|  41|0x0000000082900000, 0x0000000082a00000, 0x0000000082a00000|100%| O|  |TAMS 0x0000000082900000| PB 0x0000000082900000| Untracked 
|  42|0x0000000082a00000, 0x0000000082b00000, 0x0000000082b00000|100%| O|  |TAMS 0x0000000082a00000| PB 0x0000000082a00000| Untracked 
|  43|0x0000000082b00000, 0x0000000082c00000, 0x0000000082c00000|100%| O|  |TAMS 0x0000000082b00000| PB 0x0000000082b00000| Untracked 
|  44|0x0000000082c00000, 0x0000000082d00000, 0x0000000082d00000|100%|HS|  |TAMS 0x0000000082c00000| PB 0x0000000082c00000| Complete 
|  45|0x0000000082d00000, 0x0000000082e00000, 0x0000000082e00000|100%| O|  |TAMS 0x0000000082d00000| PB 0x0000000082d00000| Untracked 
|  46|0x0000000082e00000, 0x0000000082f00000, 0x0000000082f00000|100%|HS|  |TAMS 0x0000000082e00000| PB 0x0000000082e00000| Complete 
|  47|0x0000000082f00000, 0x0000000083000000, 0x0000000083000000|100%| O|  |TAMS 0x0000000082f00000| PB 0x0000000082f00000| Untracked 
|  48|0x0000000083000000, 0x0000000083100000, 0x0000000083100000|100%| O|  |TAMS 0x0000000083000000| PB 0x0000000083000000| Untracked 
|  49|0x0000000083100000, 0x0000000083200000, 0x0000000083200000|100%| O|  |TAMS 0x0000000083100000| PB 0x0000000083100000| Untracked 
|  50|0x0000000083200000, 0x0000000083300000, 0x0000000083300000|100%| O|  |TAMS 0x0000000083200000| PB 0x0000000083200000| Untracked 
|  51|0x0000000083300000, 0x0000000083400000, 0x0000000083400000|100%| O|  |TAMS 0x0000000083300000| PB 0x0000000083300000| Untracked 
|  52|0x0000000083400000, 0x0000000083500000, 0x0000000083500000|100%| O|  |TAMS 0x0000000083400000| PB 0x0000000083400000| Untracked 
|  53|0x0000000083500000, 0x0000000083600000, 0x0000000083600000|100%| O|  |TAMS 0x0000000083500000| PB 0x0000000083500000| Untracked 
|  54|0x0000000083600000, 0x0000000083700000, 0x0000000083700000|100%| O|  |TAMS 0x0000000083600000| PB 0x0000000083600000| Untracked 
|  55|0x0000000083700000, 0x0000000083800000, 0x0000000083800000|100%| O|  |TAMS 0x0000000083700000| PB 0x0000000083700000| Untracked 
|  56|0x0000000083800000, 0x0000000083900000, 0x0000000083900000|100%| O|CS|TAMS 0x0000000083800000| PB 0x0000000083800000| Complete 
|  57|0x0000000083900000, 0x0000000083a00000, 0x0000000083a00000|100%| O|CS|TAMS 0x0000000083900000| PB 0x0000000083900000| Complete 
|  58|0x0000000083a00000, 0x0000000083b00000, 0x0000000083b00000|100%| O|  |TAMS 0x0000000083a00000| PB 0x0000000083a00000| Untracked 
|  59|0x0000000083b00000, 0x0000000083c00000, 0x0000000083c00000|100%| O|  |TAMS 0x0000000083b00000| PB 0x0000000083b00000| Untracked 
|  60|0x0000000083c00000, 0x0000000083d00000, 0x0000000083d00000|100%| O|  |TAMS 0x0000000083c00000| PB 0x0000000083c00000| Untracked 
|  61|0x0000000083d00000, 0x0000000083e00000, 0x0000000083e00000|100%| O|  |TAMS 0x0000000083d00000| PB 0x0000000083d00000| Untracked 
|  62|0x0000000083e00000, 0x0000000083f00000, 0x0000000083f00000|100%| O|  |TAMS 0x0000000083e00000| PB 0x0000000083e00000| Untracked 
|  63|0x0000000083f00000, 0x0000000084000000, 0x0000000084000000|100%| O|  |TAMS 0x0000000083f00000| PB 0x0000000083f00000| Untracked 
|  64|0x0000000084000000, 0x0000000084100000, 0x0000000084100000|100%| O|  |TAMS 0x0000000084000000| PB 0x0000000084000000| Untracked 
|  65|0x0000000084100000, 0x0000000084200000, 0x0000000084200000|100%| O|  |TAMS 0x0000000084100000| PB 0x0000000084100000| Untracked 
|  66|0x0000000084200000, 0x0000000084300000, 0x0000000084300000|100%| O|CS|TAMS 0x0000000084200000| PB 0x0000000084200000| Complete 
|  67|0x0000000084300000, 0x0000000084400000, 0x0000000084400000|100%| O|CS|TAMS 0x0000000084300000| PB 0x0000000084300000| Complete 
|  68|0x0000000084400000, 0x0000000084500000, 0x0000000084500000|100%| O|  |TAMS 0x0000000084400000| PB 0x0000000084400000| Untracked 
|  69|0x0000000084500000, 0x0000000084600000, 0x0000000084600000|100%| O|  |TAMS 0x0000000084500000| PB 0x0000000084500000| Untracked 
|  70|0x0000000084600000, 0x0000000084700000, 0x0000000084700000|100%| O|  |TAMS 0x0000000084600000| PB 0x0000000084600000| Untracked 
|  71|0x0000000084700000, 0x0000000084800000, 0x0000000084800000|100%| O|  |TAMS 0x0000000084700000| PB 0x0000000084700000| Untracked 
|  72|0x0000000084800000, 0x0000000084900000, 0x0000000084900000|100%| O|  |TAMS 0x0000000084800000| PB 0x0000000084800000| Untracked 
|  73|0x0000000084900000, 0x0000000084a00000, 0x0000000084a00000|100%| O|  |TAMS 0x0000000084900000| PB 0x0000000084900000| Untracked 
|  74|0x0000000084a00000, 0x0000000084b00000, 0x0000000084b00000|100%| O|  |TAMS 0x0000000084a00000| PB 0x0000000084a00000| Untracked 
|  75|0x0000000084b00000, 0x0000000084c00000, 0x0000000084c00000|100%|HS|  |TAMS 0x0000000084b00000| PB 0x0000000084b00000| Complete 
|  76|0x0000000084c00000, 0x0000000084d00000, 0x0000000084d00000|100%| O|  |TAMS 0x0000000084c00000| PB 0x0000000084c00000| Untracked 
|  77|0x0000000084d00000, 0x0000000084e00000, 0x0000000084e00000|100%| O|  |TAMS 0x0000000084d00000| PB 0x0000000084d00000| Untracked 
|  78|0x0000000084e00000, 0x0000000084f00000, 0x0000000084f00000|100%| O|  |TAMS 0x0000000084e00000| PB 0x0000000084e00000| Untracked 
|  79|0x0000000084f00000, 0x0000000085000000, 0x0000000085000000|100%| O|  |TAMS 0x0000000084f00000| PB 0x0000000084f00000| Untracked 
|  80|0x0000000085000000, 0x0000000085100000, 0x0000000085100000|100%| O|  |TAMS 0x0000000085000000| PB 0x0000000085000000| Untracked 
|  81|0x0000000085100000, 0x0000000085200000, 0x0000000085200000|100%| O|  |TAMS 0x0000000085100000| PB 0x0000000085100000| Untracked 
|  82|0x0000000085200000, 0x0000000085300000, 0x0000000085300000|100%| O|  |TAMS 0x0000000085200000| PB 0x0000000085200000| Untracked 
|  83|0x0000000085300000, 0x0000000085400000, 0x0000000085400000|100%| O|  |TAMS 0x0000000085300000| PB 0x0000000085300000| Untracked 
|  84|0x0000000085400000, 0x0000000085500000, 0x0000000085500000|100%|HS|  |TAMS 0x0000000085400000| PB 0x0000000085400000| Complete 
|  85|0x0000000085500000, 0x0000000085600000, 0x0000000085600000|100%|HS|  |TAMS 0x0000000085500000| PB 0x0000000085500000| Complete 
|  86|0x0000000085600000, 0x0000000085700000, 0x0000000085700000|100%|HS|  |TAMS 0x0000000085600000| PB 0x0000000085600000| Complete 
|  87|0x0000000085700000, 0x0000000085800000, 0x0000000085800000|100%| O|CS|TAMS 0x0000000085700000| PB 0x0000000085700000| Complete 
|  88|0x0000000085800000, 0x0000000085900000, 0x0000000085900000|100%| O|  |TAMS 0x0000000085800000| PB 0x0000000085800000| Untracked 
|  89|0x0000000085900000, 0x0000000085a00000, 0x0000000085a00000|100%| O|CS|TAMS 0x0000000085900000| PB 0x0000000085900000| Complete 
|  90|0x0000000085a00000, 0x0000000085b00000, 0x0000000085b00000|100%| O|  |TAMS 0x0000000085a00000| PB 0x0000000085a00000| Untracked 
|  91|0x0000000085b00000, 0x0000000085c00000, 0x0000000085c00000|100%|HS|  |TAMS 0x0000000085b00000| PB 0x0000000085b00000| Complete 
|  92|0x0000000085c00000, 0x0000000085d00000, 0x0000000085d00000|100%| O|  |TAMS 0x0000000085c00000| PB 0x0000000085c00000| Untracked 
|  93|0x0000000085d00000, 0x0000000085e00000, 0x0000000085e00000|100%|HS|  |TAMS 0x0000000085d00000| PB 0x0000000085d00000| Complete 
|  94|0x0000000085e00000, 0x0000000085f00000, 0x0000000085f00000|100%|HC|  |TAMS 0x0000000085e00000| PB 0x0000000085e00000| Complete 
|  95|0x0000000085f00000, 0x0000000086000000, 0x0000000086000000|100%|HC|  |TAMS 0x0000000085f00000| PB 0x0000000085f00000| Complete 
|  96|0x0000000086000000, 0x0000000086100000, 0x0000000086100000|100%|HC|  |TAMS 0x0000000086000000| PB 0x0000000086000000| Complete 
|  97|0x0000000086100000, 0x0000000086200000, 0x0000000086200000|100%| O|  |TAMS 0x0000000086100000| PB 0x0000000086100000| Untracked 
|  98|0x0000000086200000, 0x0000000086300000, 0x0000000086300000|100%| O|  |TAMS 0x0000000086200000| PB 0x0000000086200000| Untracked 
|  99|0x0000000086300000, 0x0000000086400000, 0x0000000086400000|100%| O|  |TAMS 0x0000000086300000| PB 0x0000000086300000| Untracked 
| 100|0x0000000086400000, 0x0000000086500000, 0x0000000086500000|100%| O|  |TAMS 0x0000000086400000| PB 0x0000000086400000| Untracked 
| 101|0x0000000086500000, 0x0000000086600000, 0x0000000086600000|100%| O|  |TAMS 0x0000000086500000| PB 0x0000000086500000| Untracked 
| 102|0x0000000086600000, 0x0000000086700000, 0x0000000086700000|100%| O|  |TAMS 0x0000000086600000| PB 0x0000000086600000| Untracked 
| 103|0x0000000086700000, 0x0000000086800000, 0x0000000086800000|100%| O|  |TAMS 0x0000000086700000| PB 0x0000000086700000| Untracked 
| 104|0x0000000086800000, 0x0000000086900000, 0x0000000086900000|100%| O|  |TAMS 0x0000000086800000| PB 0x0000000086800000| Untracked 
| 105|0x0000000086900000, 0x0000000086a00000, 0x0000000086a00000|100%| O|  |TAMS 0x0000000086900000| PB 0x0000000086900000| Untracked 
| 106|0x0000000086a00000, 0x0000000086b00000, 0x0000000086b00000|100%| O|  |TAMS 0x0000000086a00000| PB 0x0000000086a00000| Untracked 
| 107|0x0000000086b00000, 0x0000000086c00000, 0x0000000086c00000|100%| O|  |TAMS 0x0000000086b00000| PB 0x0000000086b00000| Untracked 
| 108|0x0000000086c00000, 0x0000000086d00000, 0x0000000086d00000|100%| O|  |TAMS 0x0000000086c00000| PB 0x0000000086c00000| Untracked 
| 109|0x0000000086d00000, 0x0000000086e00000, 0x0000000086e00000|100%| O|  |TAMS 0x0000000086d00000| PB 0x0000000086d00000| Untracked 
| 110|0x0000000086e00000, 0x0000000086f00000, 0x0000000086f00000|100%| O|  |TAMS 0x0000000086e00000| PB 0x0000000086e00000| Untracked 
| 111|0x0000000086f00000, 0x0000000087000000, 0x0000000087000000|100%| O|CS|TAMS 0x0000000086f00000| PB 0x0000000086f00000| Complete 
| 112|0x0000000087000000, 0x0000000087100000, 0x0000000087100000|100%| O|  |TAMS 0x0000000087000000| PB 0x0000000087000000| Untracked 
| 113|0x0000000087100000, 0x0000000087200000, 0x0000000087200000|100%| O|  |TAMS 0x0000000087100000| PB 0x0000000087100000| Untracked 
| 114|0x0000000087200000, 0x0000000087300000, 0x0000000087300000|100%| O|CS|TAMS 0x0000000087200000| PB 0x0000000087200000| Complete 
| 115|0x0000000087300000, 0x0000000087400000, 0x0000000087400000|100%| O|  |TAMS 0x0000000087300000| PB 0x0000000087300000| Untracked 
| 116|0x0000000087400000, 0x0000000087500000, 0x0000000087500000|100%| O|  |TAMS 0x0000000087400000| PB 0x0000000087400000| Untracked 
| 117|0x0000000087500000, 0x0000000087600000, 0x0000000087600000|100%| O|CS|TAMS 0x0000000087500000| PB 0x0000000087500000| Complete 
| 118|0x0000000087600000, 0x0000000087700000, 0x0000000087700000|100%| O|  |TAMS 0x0000000087600000| PB 0x0000000087600000| Untracked 
| 119|0x0000000087700000, 0x0000000087800000, 0x0000000087800000|100%| O|  |TAMS 0x0000000087700000| PB 0x0000000087700000| Untracked 
| 120|0x0000000087800000, 0x0000000087900000, 0x0000000087900000|100%| O|  |TAMS 0x0000000087800000| PB 0x0000000087800000| Untracked 
| 121|0x0000000087900000, 0x0000000087a00000, 0x0000000087a00000|100%| O|  |TAMS 0x0000000087900000| PB 0x0000000087900000| Untracked 
| 122|0x0000000087a00000, 0x0000000087b00000, 0x0000000087b00000|100%| O|  |TAMS 0x0000000087a00000| PB 0x0000000087a00000| Untracked 
| 123|0x0000000087b00000, 0x0000000087c00000, 0x0000000087c00000|100%| O|  |TAMS 0x0000000087b00000| PB 0x0000000087b00000| Untracked 
| 124|0x0000000087c00000, 0x0000000087d00000, 0x0000000087d00000|100%| O|  |TAMS 0x0000000087c00000| PB 0x0000000087c00000| Untracked 
| 125|0x0000000087d00000, 0x0000000087e00000, 0x0000000087e00000|100%| O|  |TAMS 0x0000000087d00000| PB 0x0000000087d00000| Untracked 
| 126|0x0000000087e00000, 0x0000000087f00000, 0x0000000087f00000|100%| O|  |TAMS 0x0000000087e00000| PB 0x0000000087e00000| Untracked 
| 127|0x0000000087f00000, 0x0000000088000000, 0x0000000088000000|100%| O|  |TAMS 0x0000000087f00000| PB 0x0000000087f00000| Untracked 
| 128|0x0000000088000000, 0x0000000088100000, 0x0000000088100000|100%| O|  |TAMS 0x0000000088000000| PB 0x0000000088000000| Untracked 
| 129|0x0000000088100000, 0x0000000088200000, 0x0000000088200000|100%| O|  |TAMS 0x0000000088100000| PB 0x0000000088100000| Untracked 
| 130|0x0000000088200000, 0x0000000088300000, 0x0000000088300000|100%| O|  |TAMS 0x0000000088200000| PB 0x0000000088200000| Untracked 
| 131|0x0000000088300000, 0x0000000088400000, 0x0000000088400000|100%| O|  |TAMS 0x0000000088300000| PB 0x0000000088300000| Untracked 
| 132|0x0000000088400000, 0x0000000088500000, 0x0000000088500000|100%| O|  |TAMS 0x0000000088400000| PB 0x0000000088400000| Untracked 
| 133|0x0000000088500000, 0x0000000088600000, 0x0000000088600000|100%| O|  |TAMS 0x0000000088500000| PB 0x0000000088500000| Untracked 
| 134|0x0000000088600000, 0x0000000088700000, 0x0000000088700000|100%| O|  |TAMS 0x0000000088600000| PB 0x0000000088600000| Untracked 
| 135|0x0000000088700000, 0x0000000088800000, 0x0000000088800000|100%| O|CS|TAMS 0x0000000088700000| PB 0x0000000088700000| Complete 
| 136|0x0000000088800000, 0x0000000088900000, 0x0000000088900000|100%| O|  |TAMS 0x0000000088800000| PB 0x0000000088800000| Untracked 
| 137|0x0000000088900000, 0x0000000088a00000, 0x0000000088a00000|100%| O|  |TAMS 0x0000000088900000| PB 0x0000000088900000| Untracked 
| 138|0x0000000088a00000, 0x0000000088b00000, 0x0000000088b00000|100%| O|  |TAMS 0x0000000088a00000| PB 0x0000000088a00000| Untracked 
| 139|0x0000000088b00000, 0x0000000088c00000, 0x0000000088c00000|100%| O|  |TAMS 0x0000000088b00000| PB 0x0000000088b00000| Untracked 
| 140|0x0000000088c00000, 0x0000000088d00000, 0x0000000088d00000|100%| O|  |TAMS 0x0000000088c00000| PB 0x0000000088c00000| Untracked 
| 141|0x0000000088d00000, 0x0000000088e00000, 0x0000000088e00000|100%| O|  |TAMS 0x0000000088d00000| PB 0x0000000088d00000| Untracked 
| 142|0x0000000088e00000, 0x0000000088f00000, 0x0000000088f00000|100%| O|  |TAMS 0x0000000088e00000| PB 0x0000000088e00000| Untracked 
| 143|0x0000000088f00000, 0x0000000089000000, 0x0000000089000000|100%| O|  |TAMS 0x0000000088f00000| PB 0x0000000088f00000| Untracked 
| 144|0x0000000089000000, 0x0000000089100000, 0x0000000089100000|100%| O|  |TAMS 0x0000000089000000| PB 0x0000000089000000| Untracked 
| 145|0x0000000089100000, 0x0000000089200000, 0x0000000089200000|100%| O|  |TAMS 0x0000000089100000| PB 0x0000000089100000| Untracked 
| 146|0x0000000089200000, 0x0000000089300000, 0x0000000089300000|100%| O|  |TAMS 0x0000000089200000| PB 0x0000000089200000| Untracked 
| 147|0x0000000089300000, 0x0000000089400000, 0x0000000089400000|100%| O|  |TAMS 0x0000000089300000| PB 0x0000000089300000| Untracked 
| 148|0x0000000089400000, 0x0000000089500000, 0x0000000089500000|100%| O|  |TAMS 0x0000000089400000| PB 0x0000000089400000| Untracked 
| 149|0x0000000089500000, 0x0000000089600000, 0x0000000089600000|100%| O|  |TAMS 0x0000000089500000| PB 0x0000000089500000| Untracked 
| 150|0x0000000089600000, 0x0000000089700000, 0x0000000089700000|100%| O|  |TAMS 0x0000000089600000| PB 0x0000000089600000| Untracked 
| 151|0x0000000089700000, 0x0000000089800000, 0x0000000089800000|100%| O|  |TAMS 0x0000000089700000| PB 0x0000000089700000| Untracked 
| 152|0x0000000089800000, 0x0000000089900000, 0x0000000089900000|100%| O|  |TAMS 0x0000000089800000| PB 0x0000000089800000| Untracked 
| 153|0x0000000089900000, 0x0000000089a00000, 0x0000000089a00000|100%| O|  |TAMS 0x0000000089900000| PB 0x0000000089900000| Untracked 
| 154|0x0000000089a00000, 0x0000000089b00000, 0x0000000089b00000|100%| O|  |TAMS 0x0000000089a00000| PB 0x0000000089a00000| Untracked 
| 155|0x0000000089b00000, 0x0000000089c00000, 0x0000000089c00000|100%| O|  |TAMS 0x0000000089b00000| PB 0x0000000089b00000| Untracked 
| 156|0x0000000089c00000, 0x0000000089d00000, 0x0000000089d00000|100%| O|  |TAMS 0x0000000089c00000| PB 0x0000000089c00000| Untracked 
| 157|0x0000000089d00000, 0x0000000089e00000, 0x0000000089e00000|100%| O|  |TAMS 0x0000000089d00000| PB 0x0000000089d00000| Untracked 
| 158|0x0000000089e00000, 0x0000000089f00000, 0x0000000089f00000|100%| O|  |TAMS 0x0000000089e00000| PB 0x0000000089e00000| Untracked 
| 159|0x0000000089f00000, 0x000000008a000000, 0x000000008a000000|100%| O|  |TAMS 0x0000000089f00000| PB 0x0000000089f00000| Untracked 
| 160|0x000000008a000000, 0x000000008a100000, 0x000000008a100000|100%| O|  |TAMS 0x000000008a000000| PB 0x000000008a000000| Untracked 
| 161|0x000000008a100000, 0x000000008a200000, 0x000000008a200000|100%| O|  |TAMS 0x000000008a100000| PB 0x000000008a100000| Untracked 
| 162|0x000000008a200000, 0x000000008a300000, 0x000000008a300000|100%| O|  |TAMS 0x000000008a200000| PB 0x000000008a200000| Untracked 
| 163|0x000000008a300000, 0x000000008a400000, 0x000000008a400000|100%| O|  |TAMS 0x000000008a300000| PB 0x000000008a300000| Untracked 
| 164|0x000000008a400000, 0x000000008a500000, 0x000000008a500000|100%| O|  |TAMS 0x000000008a400000| PB 0x000000008a400000| Untracked 
| 165|0x000000008a500000, 0x000000008a600000, 0x000000008a600000|100%| O|  |TAMS 0x000000008a500000| PB 0x000000008a500000| Untracked 
| 166|0x000000008a600000, 0x000000008a700000, 0x000000008a700000|100%| O|CS|TAMS 0x000000008a600000| PB 0x000000008a600000| Complete 
| 167|0x000000008a700000, 0x000000008a800000, 0x000000008a800000|100%| O|  |TAMS 0x000000008a700000| PB 0x000000008a700000| Untracked 
| 168|0x000000008a800000, 0x000000008a900000, 0x000000008a900000|100%| O|  |TAMS 0x000000008a800000| PB 0x000000008a800000| Untracked 
| 169|0x000000008a900000, 0x000000008aa00000, 0x000000008aa00000|100%| O|  |TAMS 0x000000008a900000| PB 0x000000008a900000| Untracked 
| 170|0x000000008aa00000, 0x000000008ab00000, 0x000000008ab00000|100%| O|  |TAMS 0x000000008aa00000| PB 0x000000008aa00000| Untracked 
| 171|0x000000008ab00000, 0x000000008ac00000, 0x000000008ac00000|100%| O|  |TAMS 0x000000008ab00000| PB 0x000000008ab00000| Untracked 
| 172|0x000000008ac00000, 0x000000008ad00000, 0x000000008ad00000|100%| O|  |TAMS 0x000000008ac00000| PB 0x000000008ac00000| Untracked 
| 173|0x000000008ad00000, 0x000000008ae00000, 0x000000008ae00000|100%| O|  |TAMS 0x000000008ad00000| PB 0x000000008ad00000| Untracked 
| 174|0x000000008ae00000, 0x000000008af00000, 0x000000008af00000|100%| O|  |TAMS 0x000000008ae00000| PB 0x000000008ae00000| Untracked 
| 175|0x000000008af00000, 0x000000008b000000, 0x000000008b000000|100%| O|  |TAMS 0x000000008af00000| PB 0x000000008af00000| Untracked 
| 176|0x000000008b000000, 0x000000008b100000, 0x000000008b100000|100%| O|  |TAMS 0x000000008b000000| PB 0x000000008b000000| Untracked 
| 177|0x000000008b100000, 0x000000008b200000, 0x000000008b200000|100%| O|  |TAMS 0x000000008b100000| PB 0x000000008b100000| Untracked 
| 178|0x000000008b200000, 0x000000008b300000, 0x000000008b300000|100%| O|  |TAMS 0x000000008b200000| PB 0x000000008b200000| Untracked 
| 179|0x000000008b300000, 0x000000008b400000, 0x000000008b400000|100%| O|  |TAMS 0x000000008b300000| PB 0x000000008b300000| Untracked 
| 180|0x000000008b400000, 0x000000008b500000, 0x000000008b500000|100%| O|CS|TAMS 0x000000008b400000| PB 0x000000008b400000| Complete 
| 181|0x000000008b500000, 0x000000008b600000, 0x000000008b600000|100%| O|  |TAMS 0x000000008b500000| PB 0x000000008b500000| Untracked 
| 182|0x000000008b600000, 0x000000008b700000, 0x000000008b700000|100%| O|  |TAMS 0x000000008b600000| PB 0x000000008b600000| Untracked 
| 183|0x000000008b700000, 0x000000008b800000, 0x000000008b800000|100%| O|  |TAMS 0x000000008b700000| PB 0x000000008b700000| Untracked 
| 184|0x000000008b800000, 0x000000008b900000, 0x000000008b900000|100%| O|CS|TAMS 0x000000008b800000| PB 0x000000008b800000| Complete 
| 185|0x000000008b900000, 0x000000008ba00000, 0x000000008ba00000|100%| O|  |TAMS 0x000000008b900000| PB 0x000000008b900000| Untracked 
| 186|0x000000008ba00000, 0x000000008bb00000, 0x000000008bb00000|100%| O|  |TAMS 0x000000008ba00000| PB 0x000000008ba00000| Untracked 
| 187|0x000000008bb00000, 0x000000008bc00000, 0x000000008bc00000|100%| O|  |TAMS 0x000000008bb00000| PB 0x000000008bb00000| Untracked 
| 188|0x000000008bc00000, 0x000000008bd00000, 0x000000008bd00000|100%| O|  |TAMS 0x000000008bc00000| PB 0x000000008bc00000| Untracked 
| 189|0x000000008bd00000, 0x000000008be00000, 0x000000008be00000|100%|HS|  |TAMS 0x000000008bd00000| PB 0x000000008bd00000| Complete 
| 190|0x000000008be00000, 0x000000008bf00000, 0x000000008bf00000|100%|HS|  |TAMS 0x000000008be00000| PB 0x000000008be00000| Complete 
| 191|0x000000008bf00000, 0x000000008c000000, 0x000000008c000000|100%| O|  |TAMS 0x000000008bf00000| PB 0x000000008bf00000| Untracked 
| 192|0x000000008c000000, 0x000000008c100000, 0x000000008c100000|100%|HS|  |TAMS 0x000000008c000000| PB 0x000000008c000000| Complete 
| 193|0x000000008c100000, 0x000000008c200000, 0x000000008c200000|100%| O|  |TAMS 0x000000008c100000| PB 0x000000008c100000| Untracked 
| 194|0x000000008c200000, 0x000000008c300000, 0x000000008c300000|100%| O|  |TAMS 0x000000008c200000| PB 0x000000008c200000| Untracked 
| 195|0x000000008c300000, 0x000000008c400000, 0x000000008c400000|100%|HS|  |TAMS 0x000000008c300000| PB 0x000000008c300000| Complete 
| 196|0x000000008c400000, 0x000000008c500000, 0x000000008c500000|100%|HS|  |TAMS 0x000000008c400000| PB 0x000000008c400000| Complete 
| 197|0x000000008c500000, 0x000000008c600000, 0x000000008c600000|100%|HC|  |TAMS 0x000000008c500000| PB 0x000000008c500000| Complete 
| 198|0x000000008c600000, 0x000000008c700000, 0x000000008c700000|100%|HC|  |TAMS 0x000000008c600000| PB 0x000000008c600000| Complete 
| 199|0x000000008c700000, 0x000000008c800000, 0x000000008c800000|100%|HC|  |TAMS 0x000000008c700000| PB 0x000000008c700000| Complete 
| 200|0x000000008c800000, 0x000000008c900000, 0x000000008c900000|100%|HC|  |TAMS 0x000000008c800000| PB 0x000000008c800000| Complete 
| 201|0x000000008c900000, 0x000000008ca00000, 0x000000008ca00000|100%|HC|  |TAMS 0x000000008c900000| PB 0x000000008c900000| Complete 
| 202|0x000000008ca00000, 0x000000008cb00000, 0x000000008cb00000|100%|HS|  |TAMS 0x000000008ca00000| PB 0x000000008ca00000| Complete 
| 203|0x000000008cb00000, 0x000000008cc00000, 0x000000008cc00000|100%|HC|  |TAMS 0x000000008cb00000| PB 0x000000008cb00000| Complete 
| 204|0x000000008cc00000, 0x000000008cd00000, 0x000000008cd00000|100%|HC|  |TAMS 0x000000008cc00000| PB 0x000000008cc00000| Complete 
| 205|0x000000008cd00000, 0x000000008ce00000, 0x000000008ce00000|100%|HC|  |TAMS 0x000000008cd00000| PB 0x000000008cd00000| Complete 
| 206|0x000000008ce00000, 0x000000008cf00000, 0x000000008cf00000|100%|HC|  |TAMS 0x000000008ce00000| PB 0x000000008ce00000| Complete 
| 207|0x000000008cf00000, 0x000000008d000000, 0x000000008d000000|100%|HC|  |TAMS 0x000000008cf00000| PB 0x000000008cf00000| Complete 
| 208|0x000000008d000000, 0x000000008d100000, 0x000000008d100000|100%| O|  |TAMS 0x000000008d000000| PB 0x000000008d000000| Untracked 
| 209|0x000000008d100000, 0x000000008d200000, 0x000000008d200000|100%| O|  |TAMS 0x000000008d100000| PB 0x000000008d100000| Untracked 
| 210|0x000000008d200000, 0x000000008d300000, 0x000000008d300000|100%| O|  |TAMS 0x000000008d200000| PB 0x000000008d200000| Untracked 
| 211|0x000000008d300000, 0x000000008d400000, 0x000000008d400000|100%| O|  |TAMS 0x000000008d300000| PB 0x000000008d300000| Untracked 
| 212|0x000000008d400000, 0x000000008d500000, 0x000000008d500000|100%| O|  |TAMS 0x000000008d400000| PB 0x000000008d400000| Untracked 
| 213|0x000000008d500000, 0x000000008d600000, 0x000000008d600000|100%| O|  |TAMS 0x000000008d500000| PB 0x000000008d500000| Untracked 
| 214|0x000000008d600000, 0x000000008d700000, 0x000000008d700000|100%| O|  |TAMS 0x000000008d600000| PB 0x000000008d600000| Untracked 
| 215|0x000000008d700000, 0x000000008d800000, 0x000000008d800000|100%| O|  |TAMS 0x000000008d700000| PB 0x000000008d700000| Untracked 
| 216|0x000000008d800000, 0x000000008d900000, 0x000000008d900000|100%| O|  |TAMS 0x000000008d800000| PB 0x000000008d800000| Untracked 
| 217|0x000000008d900000, 0x000000008da00000, 0x000000008da00000|100%| O|CS|TAMS 0x000000008d900000| PB 0x000000008d900000| Complete 
| 218|0x000000008da00000, 0x000000008db00000, 0x000000008db00000|100%| O|  |TAMS 0x000000008da00000| PB 0x000000008da00000| Untracked 
| 219|0x000000008db00000, 0x000000008dc00000, 0x000000008dc00000|100%| O|  |TAMS 0x000000008db00000| PB 0x000000008db00000| Untracked 
| 220|0x000000008dc00000, 0x000000008dd00000, 0x000000008dd00000|100%| O|CS|TAMS 0x000000008dc00000| PB 0x000000008dc00000| Complete 
| 221|0x000000008dd00000, 0x000000008de00000, 0x000000008de00000|100%| O|  |TAMS 0x000000008dd00000| PB 0x000000008dd00000| Untracked 
| 222|0x000000008de00000, 0x000000008df00000, 0x000000008df00000|100%| O|  |TAMS 0x000000008de00000| PB 0x000000008de00000| Untracked 
| 223|0x000000008df00000, 0x000000008e000000, 0x000000008e000000|100%| O|  |TAMS 0x000000008df00000| PB 0x000000008df00000| Untracked 
| 224|0x000000008e000000, 0x000000008e100000, 0x000000008e100000|100%| O|  |TAMS 0x000000008e000000| PB 0x000000008e000000| Untracked 
| 225|0x000000008e100000, 0x000000008e200000, 0x000000008e200000|100%| O|  |TAMS 0x000000008e100000| PB 0x000000008e100000| Untracked 
| 226|0x000000008e200000, 0x000000008e300000, 0x000000008e300000|100%| O|CS|TAMS 0x000000008e200000| PB 0x000000008e200000| Complete 
| 227|0x000000008e300000, 0x000000008e400000, 0x000000008e400000|100%| O|CS|TAMS 0x000000008e300000| PB 0x000000008e300000| Complete 
| 228|0x000000008e400000, 0x000000008e500000, 0x000000008e500000|100%| O|  |TAMS 0x000000008e400000| PB 0x000000008e400000| Untracked 
| 229|0x000000008e500000, 0x000000008e600000, 0x000000008e600000|100%| O|  |TAMS 0x000000008e500000| PB 0x000000008e500000| Untracked 
| 230|0x000000008e600000, 0x000000008e700000, 0x000000008e700000|100%| O|CS|TAMS 0x000000008e600000| PB 0x000000008e600000| Complete 
| 231|0x000000008e700000, 0x000000008e800000, 0x000000008e800000|100%| O|  |TAMS 0x000000008e700000| PB 0x000000008e700000| Untracked 
| 232|0x000000008e800000, 0x000000008e900000, 0x000000008e900000|100%| O|  |TAMS 0x000000008e800000| PB 0x000000008e800000| Untracked 
| 233|0x000000008e900000, 0x000000008ea00000, 0x000000008ea00000|100%| O|  |TAMS 0x000000008e900000| PB 0x000000008e900000| Untracked 
| 234|0x000000008ea00000, 0x000000008eb00000, 0x000000008eb00000|100%| O|  |TAMS 0x000000008ea00000| PB 0x000000008ea00000| Untracked 
| 235|0x000000008eb00000, 0x000000008ec00000, 0x000000008ec00000|100%| O|  |TAMS 0x000000008eb00000| PB 0x000000008eb00000| Untracked 
| 236|0x000000008ec00000, 0x000000008ed00000, 0x000000008ed00000|100%| O|  |TAMS 0x000000008ec00000| PB 0x000000008ec00000| Untracked 
| 237|0x000000008ed00000, 0x000000008ee00000, 0x000000008ee00000|100%| O|  |TAMS 0x000000008ed00000| PB 0x000000008ed00000| Untracked 
| 238|0x000000008ee00000, 0x000000008ef00000, 0x000000008ef00000|100%| O|  |TAMS 0x000000008ee00000| PB 0x000000008ee00000| Untracked 
| 239|0x000000008ef00000, 0x000000008f000000, 0x000000008f000000|100%| O|  |TAMS 0x000000008ef00000| PB 0x000000008ef00000| Untracked 
| 240|0x000000008f000000, 0x000000008f100000, 0x000000008f100000|100%| O|  |TAMS 0x000000008f000000| PB 0x000000008f000000| Untracked 
| 241|0x000000008f100000, 0x000000008f200000, 0x000000008f200000|100%| O|  |TAMS 0x000000008f100000| PB 0x000000008f100000| Untracked 
| 242|0x000000008f200000, 0x000000008f300000, 0x000000008f300000|100%| O|  |TAMS 0x000000008f200000| PB 0x000000008f200000| Untracked 
| 243|0x000000008f300000, 0x000000008f400000, 0x000000008f400000|100%| O|  |TAMS 0x000000008f300000| PB 0x000000008f300000| Untracked 
| 244|0x000000008f400000, 0x000000008f500000, 0x000000008f500000|100%| O|  |TAMS 0x000000008f400000| PB 0x000000008f400000| Untracked 
| 245|0x000000008f500000, 0x000000008f600000, 0x000000008f600000|100%| O|  |TAMS 0x000000008f500000| PB 0x000000008f500000| Untracked 
| 246|0x000000008f600000, 0x000000008f700000, 0x000000008f700000|100%| O|  |TAMS 0x000000008f600000| PB 0x000000008f600000| Untracked 
| 247|0x000000008f700000, 0x000000008f800000, 0x000000008f800000|100%| O|  |TAMS 0x000000008f700000| PB 0x000000008f700000| Untracked 
| 248|0x000000008f800000, 0x000000008f900000, 0x000000008f900000|100%| O|  |TAMS 0x000000008f800000| PB 0x000000008f800000| Untracked 
| 249|0x000000008f900000, 0x000000008fa00000, 0x000000008fa00000|100%|HS|  |TAMS 0x000000008f900000| PB 0x000000008f900000| Complete 
| 250|0x000000008fa00000, 0x000000008fb00000, 0x000000008fb00000|100%| O|  |TAMS 0x000000008fa00000| PB 0x000000008fa00000| Untracked 
| 251|0x000000008fb00000, 0x000000008fc00000, 0x000000008fc00000|100%| O|  |TAMS 0x000000008fb00000| PB 0x000000008fb00000| Untracked 
| 252|0x000000008fc00000, 0x000000008fd00000, 0x000000008fd00000|100%| O|  |TAMS 0x000000008fc00000| PB 0x000000008fc00000| Untracked 
| 253|0x000000008fd00000, 0x000000008fe00000, 0x000000008fe00000|100%| O|  |TAMS 0x000000008fd00000| PB 0x000000008fd00000| Untracked 
| 254|0x000000008fe00000, 0x000000008ff00000, 0x000000008ff00000|100%| O|  |TAMS 0x000000008fe00000| PB 0x000000008fe00000| Untracked 
| 255|0x000000008ff00000, 0x0000000090000000, 0x0000000090000000|100%| O|  |TAMS 0x000000008ff00000| PB 0x000000008ff00000| Untracked 
| 256|0x0000000090000000, 0x0000000090100000, 0x0000000090100000|100%| O|  |TAMS 0x0000000090000000| PB 0x0000000090000000| Untracked 
| 257|0x0000000090100000, 0x0000000090200000, 0x0000000090200000|100%| O|  |TAMS 0x0000000090100000| PB 0x0000000090100000| Untracked 
| 258|0x0000000090200000, 0x0000000090300000, 0x0000000090300000|100%| O|  |TAMS 0x0000000090200000| PB 0x0000000090200000| Untracked 
| 259|0x0000000090300000, 0x0000000090400000, 0x0000000090400000|100%| O|  |TAMS 0x0000000090300000| PB 0x0000000090300000| Untracked 
| 260|0x0000000090400000, 0x0000000090500000, 0x0000000090500000|100%| O|  |TAMS 0x0000000090400000| PB 0x0000000090400000| Untracked 
| 261|0x0000000090500000, 0x0000000090600000, 0x0000000090600000|100%| O|  |TAMS 0x0000000090500000| PB 0x0000000090500000| Untracked 
| 262|0x0000000090600000, 0x0000000090700000, 0x0000000090700000|100%| O|  |TAMS 0x0000000090600000| PB 0x0000000090600000| Untracked 
| 263|0x0000000090700000, 0x0000000090800000, 0x0000000090800000|100%| O|  |TAMS 0x0000000090700000| PB 0x0000000090700000| Untracked 
| 264|0x0000000090800000, 0x0000000090900000, 0x0000000090900000|100%| O|  |TAMS 0x0000000090800000| PB 0x0000000090800000| Untracked 
| 265|0x0000000090900000, 0x0000000090a00000, 0x0000000090a00000|100%| O|CS|TAMS 0x0000000090900000| PB 0x0000000090900000| Complete 
| 266|0x0000000090a00000, 0x0000000090b00000, 0x0000000090b00000|100%| O|CS|TAMS 0x0000000090a00000| PB 0x0000000090a00000| Complete 
| 267|0x0000000090b00000, 0x0000000090c00000, 0x0000000090c00000|100%| O|CS|TAMS 0x0000000090b00000| PB 0x0000000090b00000| Complete 
| 268|0x0000000090c00000, 0x0000000090d00000, 0x0000000090d00000|100%| O|  |TAMS 0x0000000090c00000| PB 0x0000000090c00000| Untracked 
| 269|0x0000000090d00000, 0x0000000090e00000, 0x0000000090e00000|100%| O|  |TAMS 0x0000000090d00000| PB 0x0000000090d00000| Untracked 
| 270|0x0000000090e00000, 0x0000000090f00000, 0x0000000090f00000|100%| O|  |TAMS 0x0000000090e00000| PB 0x0000000090e00000| Untracked 
| 271|0x0000000090f00000, 0x0000000091000000, 0x0000000091000000|100%| O|  |TAMS 0x0000000090f00000| PB 0x0000000090f00000| Untracked 
| 272|0x0000000091000000, 0x0000000091100000, 0x0000000091100000|100%| O|  |TAMS 0x0000000091000000| PB 0x0000000091000000| Untracked 
| 273|0x0000000091100000, 0x0000000091200000, 0x0000000091200000|100%| O|  |TAMS 0x0000000091100000| PB 0x0000000091100000| Untracked 
| 274|0x0000000091200000, 0x0000000091300000, 0x0000000091300000|100%| O|  |TAMS 0x0000000091200000| PB 0x0000000091200000| Untracked 
| 275|0x0000000091300000, 0x0000000091400000, 0x0000000091400000|100%| O|  |TAMS 0x0000000091300000| PB 0x0000000091300000| Untracked 
| 276|0x0000000091400000, 0x0000000091500000, 0x0000000091500000|100%| O|  |TAMS 0x0000000091400000| PB 0x0000000091400000| Untracked 
| 277|0x0000000091500000, 0x000000009153da90, 0x0000000091600000| 24%| O|  |TAMS 0x0000000091500000| PB 0x0000000091500000| Untracked 
| 278|0x0000000091600000, 0x0000000091600000, 0x0000000091700000|  0%| F|  |TAMS 0x0000000091600000| PB 0x0000000091600000| Untracked 
| 279|0x0000000091700000, 0x0000000091700000, 0x0000000091800000|  0%| F|  |TAMS 0x0000000091700000| PB 0x0000000091700000| Untracked 
| 280|0x0000000091800000, 0x0000000091800000, 0x0000000091900000|  0%| F|  |TAMS 0x0000000091800000| PB 0x0000000091800000| Untracked 
| 281|0x0000000091900000, 0x0000000091900000, 0x0000000091a00000|  0%| F|  |TAMS 0x0000000091900000| PB 0x0000000091900000| Untracked 
| 282|0x0000000091a00000, 0x0000000091a00000, 0x0000000091b00000|  0%| F|  |TAMS 0x0000000091a00000| PB 0x0000000091a00000| Untracked 
| 283|0x0000000091b00000, 0x0000000091b00000, 0x0000000091c00000|  0%| F|  |TAMS 0x0000000091b00000| PB 0x0000000091b00000| Untracked 
| 284|0x0000000091c00000, 0x0000000091c00000, 0x0000000091d00000|  0%| F|  |TAMS 0x0000000091c00000| PB 0x0000000091c00000| Untracked 
| 285|0x0000000091d00000, 0x0000000091d00000, 0x0000000091e00000|  0%| F|  |TAMS 0x0000000091d00000| PB 0x0000000091d00000| Untracked 
| 286|0x0000000091e00000, 0x0000000091e00000, 0x0000000091f00000|  0%| F|  |TAMS 0x0000000091e00000| PB 0x0000000091e00000| Untracked 
| 287|0x0000000091f00000, 0x0000000091f00000, 0x0000000092000000|  0%| F|  |TAMS 0x0000000091f00000| PB 0x0000000091f00000| Untracked 
| 288|0x0000000092000000, 0x0000000092000000, 0x0000000092100000|  0%| F|  |TAMS 0x0000000092000000| PB 0x0000000092000000| Untracked 
| 289|0x0000000092100000, 0x0000000092100000, 0x0000000092200000|  0%| F|  |TAMS 0x0000000092100000| PB 0x0000000092100000| Untracked 
| 290|0x0000000092200000, 0x0000000092200000, 0x0000000092300000|  0%| F|  |TAMS 0x0000000092200000| PB 0x0000000092200000| Untracked 
| 291|0x0000000092300000, 0x0000000092300000, 0x0000000092400000|  0%| F|  |TAMS 0x0000000092300000| PB 0x0000000092300000| Untracked 
| 292|0x0000000092400000, 0x0000000092400000, 0x0000000092500000|  0%| F|  |TAMS 0x0000000092400000| PB 0x0000000092400000| Untracked 
| 293|0x0000000092500000, 0x0000000092500000, 0x0000000092600000|  0%| F|  |TAMS 0x0000000092500000| PB 0x0000000092500000| Untracked 
| 294|0x0000000092600000, 0x0000000092600000, 0x0000000092700000|  0%| F|  |TAMS 0x0000000092600000| PB 0x0000000092600000| Untracked 
| 295|0x0000000092700000, 0x0000000092700000, 0x0000000092800000|  0%| F|  |TAMS 0x0000000092700000| PB 0x0000000092700000| Untracked 
| 296|0x0000000092800000, 0x0000000092800000, 0x0000000092900000|  0%| F|  |TAMS 0x0000000092800000| PB 0x0000000092800000| Untracked 
| 297|0x0000000092900000, 0x0000000092900000, 0x0000000092a00000|  0%| F|  |TAMS 0x0000000092900000| PB 0x0000000092900000| Untracked 
| 298|0x0000000092a00000, 0x0000000092a00000, 0x0000000092b00000|  0%| F|  |TAMS 0x0000000092a00000| PB 0x0000000092a00000| Untracked 
| 299|0x0000000092b00000, 0x0000000092b00000, 0x0000000092c00000|  0%| F|  |TAMS 0x0000000092b00000| PB 0x0000000092b00000| Untracked 
| 300|0x0000000092c00000, 0x0000000092c00000, 0x0000000092d00000|  0%| F|  |TAMS 0x0000000092c00000| PB 0x0000000092c00000| Untracked 
| 301|0x0000000092d00000, 0x0000000092dcde80, 0x0000000092e00000| 80%| S|  |TAMS 0x0000000092d00000| PB 0x0000000092d00000| Complete 
| 302|0x0000000092e00000, 0x0000000092f00000, 0x0000000092f00000|100%| S|  |TAMS 0x0000000092e00000| PB 0x0000000092e00000| Complete 
| 303|0x0000000092f00000, 0x0000000093000000, 0x0000000093000000|100%| S|  |TAMS 0x0000000092f00000| PB 0x0000000092f00000| Complete 
| 304|0x0000000093000000, 0x0000000093100000, 0x0000000093100000|100%| S|  |TAMS 0x0000000093000000| PB 0x0000000093000000| Complete 
| 305|0x0000000093100000, 0x0000000093200000, 0x0000000093200000|100%| S|  |TAMS 0x0000000093100000| PB 0x0000000093100000| Complete 
| 306|0x0000000093200000, 0x0000000093300000, 0x0000000093300000|100%| S|  |TAMS 0x0000000093200000| PB 0x0000000093200000| Complete 
| 307|0x0000000093300000, 0x0000000093400000, 0x0000000093400000|100%| S|  |TAMS 0x0000000093300000| PB 0x0000000093300000| Complete 
| 308|0x0000000093400000, 0x0000000093500000, 0x0000000093500000|100%| S|  |TAMS 0x0000000093400000| PB 0x0000000093400000| Complete 
| 309|0x0000000093500000, 0x0000000093600000, 0x0000000093600000|100%| S|  |TAMS 0x0000000093500000| PB 0x0000000093500000| Complete 
| 310|0x0000000093600000, 0x0000000093700000, 0x0000000093700000|100%| S|  |TAMS 0x0000000093600000| PB 0x0000000093600000| Complete 
| 311|0x0000000093700000, 0x0000000093800000, 0x0000000093800000|100%| S|  |TAMS 0x0000000093700000| PB 0x0000000093700000| Complete 
| 312|0x0000000093800000, 0x0000000093900000, 0x0000000093900000|100%| E|CS|TAMS 0x0000000093800000| PB 0x0000000093800000| Complete 
| 313|0x0000000093900000, 0x0000000093a00000, 0x0000000093a00000|100%| E|CS|TAMS 0x0000000093900000| PB 0x0000000093900000| Complete 
| 314|0x0000000093a00000, 0x0000000093b00000, 0x0000000093b00000|100%| E|CS|TAMS 0x0000000093a00000| PB 0x0000000093a00000| Complete 
| 315|0x0000000093b00000, 0x0000000093c00000, 0x0000000093c00000|100%| E|CS|TAMS 0x0000000093b00000| PB 0x0000000093b00000| Complete 
| 316|0x0000000093c00000, 0x0000000093d00000, 0x0000000093d00000|100%| E|CS|TAMS 0x0000000093c00000| PB 0x0000000093c00000| Complete 
| 317|0x0000000093d00000, 0x0000000093e00000, 0x0000000093e00000|100%| E|CS|TAMS 0x0000000093d00000| PB 0x0000000093d00000| Complete 
| 318|0x0000000093e00000, 0x0000000093f00000, 0x0000000093f00000|100%| E|CS|TAMS 0x0000000093e00000| PB 0x0000000093e00000| Complete 
| 319|0x0000000093f00000, 0x0000000094000000, 0x0000000094000000|100%| E|CS|TAMS 0x0000000093f00000| PB 0x0000000093f00000| Complete 
| 320|0x0000000094000000, 0x0000000094100000, 0x0000000094100000|100%| E|CS|TAMS 0x0000000094000000| PB 0x0000000094000000| Complete 
| 321|0x0000000094100000, 0x0000000094200000, 0x0000000094200000|100%| E|CS|TAMS 0x0000000094100000| PB 0x0000000094100000| Complete 
| 322|0x0000000094200000, 0x0000000094300000, 0x0000000094300000|100%| E|CS|TAMS 0x0000000094200000| PB 0x0000000094200000| Complete 
| 323|0x0000000094300000, 0x0000000094400000, 0x0000000094400000|100%| E|CS|TAMS 0x0000000094300000| PB 0x0000000094300000| Complete 
| 324|0x0000000094400000, 0x0000000094500000, 0x0000000094500000|100%| E|CS|TAMS 0x0000000094400000| PB 0x0000000094400000| Complete 
| 325|0x0000000094500000, 0x0000000094600000, 0x0000000094600000|100%| E|CS|TAMS 0x0000000094500000| PB 0x0000000094500000| Complete 
| 326|0x0000000094600000, 0x0000000094700000, 0x0000000094700000|100%| E|CS|TAMS 0x0000000094600000| PB 0x0000000094600000| Complete 
| 327|0x0000000094700000, 0x0000000094800000, 0x0000000094800000|100%| E|CS|TAMS 0x0000000094700000| PB 0x0000000094700000| Complete 
| 328|0x0000000094800000, 0x0000000094900000, 0x0000000094900000|100%| E|CS|TAMS 0x0000000094800000| PB 0x0000000094800000| Complete 
| 329|0x0000000094900000, 0x0000000094a00000, 0x0000000094a00000|100%| E|CS|TAMS 0x0000000094900000| PB 0x0000000094900000| Complete 
| 330|0x0000000094a00000, 0x0000000094b00000, 0x0000000094b00000|100%| E|CS|TAMS 0x0000000094a00000| PB 0x0000000094a00000| Complete 
| 331|0x0000000094b00000, 0x0000000094c00000, 0x0000000094c00000|100%| E|CS|TAMS 0x0000000094b00000| PB 0x0000000094b00000| Complete 
| 332|0x0000000094c00000, 0x0000000094d00000, 0x0000000094d00000|100%| E|CS|TAMS 0x0000000094c00000| PB 0x0000000094c00000| Complete 
| 333|0x0000000094d00000, 0x0000000094e00000, 0x0000000094e00000|100%| E|CS|TAMS 0x0000000094d00000| PB 0x0000000094d00000| Complete 
| 334|0x0000000094e00000, 0x0000000094f00000, 0x0000000094f00000|100%| E|CS|TAMS 0x0000000094e00000| PB 0x0000000094e00000| Complete 
| 335|0x0000000094f00000, 0x0000000095000000, 0x0000000095000000|100%| E|CS|TAMS 0x0000000094f00000| PB 0x0000000094f00000| Complete 
| 336|0x0000000095000000, 0x0000000095100000, 0x0000000095100000|100%| E|CS|TAMS 0x0000000095000000| PB 0x0000000095000000| Complete 
| 337|0x0000000095100000, 0x0000000095200000, 0x0000000095200000|100%| E|CS|TAMS 0x0000000095100000| PB 0x0000000095100000| Complete 
| 338|0x0000000095200000, 0x0000000095300000, 0x0000000095300000|100%| E|CS|TAMS 0x0000000095200000| PB 0x0000000095200000| Complete 
| 339|0x0000000095300000, 0x0000000095400000, 0x0000000095400000|100%| E|CS|TAMS 0x0000000095300000| PB 0x0000000095300000| Complete 
| 340|0x0000000095400000, 0x0000000095500000, 0x0000000095500000|100%| E|CS|TAMS 0x0000000095400000| PB 0x0000000095400000| Complete 
| 341|0x0000000095500000, 0x0000000095600000, 0x0000000095600000|100%| E|CS|TAMS 0x0000000095500000| PB 0x0000000095500000| Complete 
| 342|0x0000000095600000, 0x0000000095700000, 0x0000000095700000|100%| E|CS|TAMS 0x0000000095600000| PB 0x0000000095600000| Complete 
| 343|0x0000000095700000, 0x0000000095800000, 0x0000000095800000|100%| E|CS|TAMS 0x0000000095700000| PB 0x0000000095700000| Complete 
| 344|0x0000000095800000, 0x0000000095900000, 0x0000000095900000|100%| E|CS|TAMS 0x0000000095800000| PB 0x0000000095800000| Complete 
| 345|0x0000000095900000, 0x0000000095a00000, 0x0000000095a00000|100%| E|CS|TAMS 0x0000000095900000| PB 0x0000000095900000| Complete 
| 346|0x0000000095a00000, 0x0000000095b00000, 0x0000000095b00000|100%| E|CS|TAMS 0x0000000095a00000| PB 0x0000000095a00000| Complete 
| 347|0x0000000095b00000, 0x0000000095c00000, 0x0000000095c00000|100%| E|CS|TAMS 0x0000000095b00000| PB 0x0000000095b00000| Complete 
| 348|0x0000000095c00000, 0x0000000095c96270, 0x0000000095d00000| 58%| E|CS|TAMS 0x0000000095c00000| PB 0x0000000095c00000| Complete 
| 349|0x0000000095d00000, 0x0000000095e00000, 0x0000000095e00000|100%| E|CS|TAMS 0x0000000095d00000| PB 0x0000000095d00000| Complete 
| 350|0x0000000095e00000, 0x0000000095f00000, 0x0000000095f00000|100%| E|CS|TAMS 0x0000000095e00000| PB 0x0000000095e00000| Complete 
| 351|0x0000000095f00000, 0x0000000096000000, 0x0000000096000000|100%| E|CS|TAMS 0x0000000095f00000| PB 0x0000000095f00000| Complete 
| 352|0x0000000096000000, 0x0000000096100000, 0x0000000096100000|100%| E|CS|TAMS 0x0000000096000000| PB 0x0000000096000000| Complete 
| 353|0x0000000096100000, 0x0000000096200000, 0x0000000096200000|100%| E|CS|TAMS 0x0000000096100000| PB 0x0000000096100000| Complete 
| 354|0x0000000096200000, 0x0000000096300000, 0x0000000096300000|100%| E|CS|TAMS 0x0000000096200000| PB 0x0000000096200000| Complete 
| 355|0x0000000096300000, 0x0000000096400000, 0x0000000096400000|100%| E|CS|TAMS 0x0000000096300000| PB 0x0000000096300000| Complete 
| 356|0x0000000096400000, 0x0000000096500000, 0x0000000096500000|100%| E|CS|TAMS 0x0000000096400000| PB 0x0000000096400000| Complete 
| 357|0x0000000096500000, 0x0000000096600000, 0x0000000096600000|100%| E|CS|TAMS 0x0000000096500000| PB 0x0000000096500000| Complete 
| 358|0x0000000096600000, 0x0000000096700000, 0x0000000096700000|100%| E|CS|TAMS 0x0000000096600000| PB 0x0000000096600000| Complete 
| 359|0x0000000096700000, 0x0000000096800000, 0x0000000096800000|100%| E|CS|TAMS 0x0000000096700000| PB 0x0000000096700000| Complete 
| 360|0x0000000096800000, 0x0000000096900000, 0x0000000096900000|100%| E|CS|TAMS 0x0000000096800000| PB 0x0000000096800000| Complete 
| 361|0x0000000096900000, 0x0000000096a00000, 0x0000000096a00000|100%| E|CS|TAMS 0x0000000096900000| PB 0x0000000096900000| Complete 
| 362|0x0000000096a00000, 0x0000000096b00000, 0x0000000096b00000|100%| E|CS|TAMS 0x0000000096a00000| PB 0x0000000096a00000| Complete 
| 363|0x0000000096b00000, 0x0000000096c00000, 0x0000000096c00000|100%| E|CS|TAMS 0x0000000096b00000| PB 0x0000000096b00000| Complete 
| 364|0x0000000096c00000, 0x0000000096d00000, 0x0000000096d00000|100%| E|CS|TAMS 0x0000000096c00000| PB 0x0000000096c00000| Complete 
| 365|0x0000000096d00000, 0x0000000096e00000, 0x0000000096e00000|100%| E|CS|TAMS 0x0000000096d00000| PB 0x0000000096d00000| Complete 
| 366|0x0000000096e00000, 0x0000000096f00000, 0x0000000096f00000|100%| E|CS|TAMS 0x0000000096e00000| PB 0x0000000096e00000| Complete 
| 367|0x0000000096f00000, 0x0000000097000000, 0x0000000097000000|100%| E|CS|TAMS 0x0000000096f00000| PB 0x0000000096f00000| Complete 
| 368|0x0000000097000000, 0x0000000097100000, 0x0000000097100000|100%| E|CS|TAMS 0x0000000097000000| PB 0x0000000097000000| Complete 
| 369|0x0000000097100000, 0x0000000097200000, 0x0000000097200000|100%| E|CS|TAMS 0x0000000097100000| PB 0x0000000097100000| Complete 
| 370|0x0000000097200000, 0x0000000097300000, 0x0000000097300000|100%| E|CS|TAMS 0x0000000097200000| PB 0x0000000097200000| Complete 
| 371|0x0000000097300000, 0x0000000097400000, 0x0000000097400000|100%| E|CS|TAMS 0x0000000097300000| PB 0x0000000097300000| Complete 
| 372|0x0000000097400000, 0x0000000097500000, 0x0000000097500000|100%| E|CS|TAMS 0x0000000097400000| PB 0x0000000097400000| Complete 
| 373|0x0000000097500000, 0x0000000097600000, 0x0000000097600000|100%| E|CS|TAMS 0x0000000097500000| PB 0x0000000097500000| Complete 
| 374|0x0000000097600000, 0x0000000097700000, 0x0000000097700000|100%| E|CS|TAMS 0x0000000097600000| PB 0x0000000097600000| Complete 
| 375|0x0000000097700000, 0x0000000097800000, 0x0000000097800000|100%| E|CS|TAMS 0x0000000097700000| PB 0x0000000097700000| Complete 
| 376|0x0000000097800000, 0x0000000097900000, 0x0000000097900000|100%| E|CS|TAMS 0x0000000097800000| PB 0x0000000097800000| Complete 
| 377|0x0000000097900000, 0x0000000097a00000, 0x0000000097a00000|100%| E|CS|TAMS 0x0000000097900000| PB 0x0000000097900000| Complete 
| 378|0x0000000097a00000, 0x0000000097b00000, 0x0000000097b00000|100%| E|CS|TAMS 0x0000000097a00000| PB 0x0000000097a00000| Complete 
| 379|0x0000000097b00000, 0x0000000097c00000, 0x0000000097c00000|100%| E|CS|TAMS 0x0000000097b00000| PB 0x0000000097b00000| Complete 
| 380|0x0000000097c00000, 0x0000000097d00000, 0x0000000097d00000|100%| E|CS|TAMS 0x0000000097c00000| PB 0x0000000097c00000| Complete 
| 381|0x0000000097d00000, 0x0000000097e00000, 0x0000000097e00000|100%| E|CS|TAMS 0x0000000097d00000| PB 0x0000000097d00000| Complete 
| 382|0x0000000097e00000, 0x0000000097f00000, 0x0000000097f00000|100%| E|CS|TAMS 0x0000000097e00000| PB 0x0000000097e00000| Complete 
| 383|0x0000000097f00000, 0x0000000098000000, 0x0000000098000000|100%| E|CS|TAMS 0x0000000097f00000| PB 0x0000000097f00000| Complete 
| 384|0x0000000098000000, 0x0000000098100000, 0x0000000098100000|100%| E|CS|TAMS 0x0000000098000000| PB 0x0000000098000000| Complete 
| 385|0x0000000098100000, 0x0000000098200000, 0x0000000098200000|100%| E|CS|TAMS 0x0000000098100000| PB 0x0000000098100000| Complete 
| 386|0x0000000098200000, 0x0000000098300000, 0x0000000098300000|100%| E|CS|TAMS 0x0000000098200000| PB 0x0000000098200000| Complete 
| 387|0x0000000098300000, 0x0000000098400000, 0x0000000098400000|100%| E|CS|TAMS 0x0000000098300000| PB 0x0000000098300000| Complete 
| 388|0x0000000098400000, 0x0000000098500000, 0x0000000098500000|100%| E|CS|TAMS 0x0000000098400000| PB 0x0000000098400000| Complete 
| 389|0x0000000098500000, 0x0000000098600000, 0x0000000098600000|100%| E|CS|TAMS 0x0000000098500000| PB 0x0000000098500000| Complete 
| 390|0x0000000098600000, 0x0000000098700000, 0x0000000098700000|100%| E|CS|TAMS 0x0000000098600000| PB 0x0000000098600000| Complete 
| 391|0x0000000098700000, 0x0000000098800000, 0x0000000098800000|100%| E|CS|TAMS 0x0000000098700000| PB 0x0000000098700000| Complete 
| 392|0x0000000098800000, 0x0000000098900000, 0x0000000098900000|100%| E|CS|TAMS 0x0000000098800000| PB 0x0000000098800000| Complete 
| 393|0x0000000098900000, 0x0000000098a00000, 0x0000000098a00000|100%| E|CS|TAMS 0x0000000098900000| PB 0x0000000098900000| Complete 
| 394|0x0000000098a00000, 0x0000000098b00000, 0x0000000098b00000|100%| E|CS|TAMS 0x0000000098a00000| PB 0x0000000098a00000| Complete 
| 395|0x0000000098b00000, 0x0000000098c00000, 0x0000000098c00000|100%| E|CS|TAMS 0x0000000098b00000| PB 0x0000000098b00000| Complete 
| 396|0x0000000098c00000, 0x0000000098d00000, 0x0000000098d00000|100%| E|CS|TAMS 0x0000000098c00000| PB 0x0000000098c00000| Complete 
| 397|0x0000000098d00000, 0x0000000098e00000, 0x0000000098e00000|100%| E|CS|TAMS 0x0000000098d00000| PB 0x0000000098d00000| Complete 
| 398|0x0000000098e00000, 0x0000000098f00000, 0x0000000098f00000|100%| E|CS|TAMS 0x0000000098e00000| PB 0x0000000098e00000| Complete 
| 399|0x0000000098f00000, 0x0000000099000000, 0x0000000099000000|100%| E|CS|TAMS 0x0000000098f00000| PB 0x0000000098f00000| Complete 
| 400|0x0000000099000000, 0x0000000099100000, 0x0000000099100000|100%| E|CS|TAMS 0x0000000099000000| PB 0x0000000099000000| Complete 
| 401|0x0000000099100000, 0x0000000099200000, 0x0000000099200000|100%| E|CS|TAMS 0x0000000099100000| PB 0x0000000099100000| Complete 
| 402|0x0000000099200000, 0x0000000099300000, 0x0000000099300000|100%| E|CS|TAMS 0x0000000099200000| PB 0x0000000099200000| Complete 
| 403|0x0000000099300000, 0x0000000099400000, 0x0000000099400000|100%| E|CS|TAMS 0x0000000099300000| PB 0x0000000099300000| Complete 
| 404|0x0000000099400000, 0x0000000099500000, 0x0000000099500000|100%| E|CS|TAMS 0x0000000099400000| PB 0x0000000099400000| Complete 
| 405|0x0000000099500000, 0x0000000099600000, 0x0000000099600000|100%| E|CS|TAMS 0x0000000099500000| PB 0x0000000099500000| Complete 
| 406|0x0000000099600000, 0x0000000099700000, 0x0000000099700000|100%| E|CS|TAMS 0x0000000099600000| PB 0x0000000099600000| Complete 
| 407|0x0000000099700000, 0x0000000099800000, 0x0000000099800000|100%| E|CS|TAMS 0x0000000099700000| PB 0x0000000099700000| Complete 
| 408|0x0000000099800000, 0x0000000099900000, 0x0000000099900000|100%| E|CS|TAMS 0x0000000099800000| PB 0x0000000099800000| Complete 
| 409|0x0000000099900000, 0x0000000099a00000, 0x0000000099a00000|100%| E|CS|TAMS 0x0000000099900000| PB 0x0000000099900000| Complete 
| 410|0x0000000099a00000, 0x0000000099b00000, 0x0000000099b00000|100%| E|CS|TAMS 0x0000000099a00000| PB 0x0000000099a00000| Complete 
| 411|0x0000000099b00000, 0x0000000099c00000, 0x0000000099c00000|100%| E|CS|TAMS 0x0000000099b00000| PB 0x0000000099b00000| Complete 
| 412|0x0000000099c00000, 0x0000000099d00000, 0x0000000099d00000|100%| E|CS|TAMS 0x0000000099c00000| PB 0x0000000099c00000| Complete 
| 413|0x0000000099d00000, 0x0000000099e00000, 0x0000000099e00000|100%| E|CS|TAMS 0x0000000099d00000| PB 0x0000000099d00000| Complete 
| 414|0x0000000099e00000, 0x0000000099f00000, 0x0000000099f00000|100%| E|CS|TAMS 0x0000000099e00000| PB 0x0000000099e00000| Complete 
| 415|0x0000000099f00000, 0x000000009a000000, 0x000000009a000000|100%| E|CS|TAMS 0x0000000099f00000| PB 0x0000000099f00000| Complete 
| 416|0x000000009a000000, 0x000000009a100000, 0x000000009a100000|100%| E|CS|TAMS 0x000000009a000000| PB 0x000000009a000000| Complete 
| 417|0x000000009a100000, 0x000000009a200000, 0x000000009a200000|100%| E|CS|TAMS 0x000000009a100000| PB 0x000000009a100000| Complete 
| 418|0x000000009a200000, 0x000000009a300000, 0x000000009a300000|100%| E|CS|TAMS 0x000000009a200000| PB 0x000000009a200000| Complete 
| 419|0x000000009a300000, 0x000000009a400000, 0x000000009a400000|100%| E|CS|TAMS 0x000000009a300000| PB 0x000000009a300000| Complete 
| 420|0x000000009a400000, 0x000000009a500000, 0x000000009a500000|100%| E|CS|TAMS 0x000000009a400000| PB 0x000000009a400000| Complete 
| 421|0x000000009a500000, 0x000000009a600000, 0x000000009a600000|100%| E|CS|TAMS 0x000000009a500000| PB 0x000000009a500000| Complete 
| 422|0x000000009a600000, 0x000000009a700000, 0x000000009a700000|100%| E|CS|TAMS 0x000000009a600000| PB 0x000000009a600000| Complete 
| 423|0x000000009a700000, 0x000000009a800000, 0x000000009a800000|100%| E|CS|TAMS 0x000000009a700000| PB 0x000000009a700000| Complete 
| 424|0x000000009a800000, 0x000000009a900000, 0x000000009a900000|100%| E|CS|TAMS 0x000000009a800000| PB 0x000000009a800000| Complete 
| 498|0x000000009f200000, 0x000000009f300000, 0x000000009f300000|100%| E|CS|TAMS 0x000000009f200000| PB 0x000000009f200000| Complete 
| 499|0x000000009f300000, 0x000000009f400000, 0x000000009f400000|100%| E|CS|TAMS 0x000000009f300000| PB 0x000000009f300000| Complete 
|2006|0x00000000fd600000, 0x00000000fd700000, 0x00000000fd700000|100%| O|CS|TAMS 0x00000000fd600000| PB 0x00000000fd600000| Complete 
|2007|0x00000000fd700000, 0x00000000fd800000, 0x00000000fd800000|100%| O|CS|TAMS 0x00000000fd700000| PB 0x00000000fd700000| Complete 
|2008|0x00000000fd800000, 0x00000000fd900000, 0x00000000fd900000|100%| E|CS|TAMS 0x00000000fd800000| PB 0x00000000fd800000| Complete 
|2009|0x00000000fd900000, 0x00000000fda00000, 0x00000000fda00000|100%| O|CS|TAMS 0x00000000fd900000| PB 0x00000000fd900000| Complete 
|2010|0x00000000fda00000, 0x00000000fdb00000, 0x00000000fdb00000|100%| O|CS|TAMS 0x00000000fda00000| PB 0x00000000fda00000| Complete 
|2011|0x00000000fdb00000, 0x00000000fdc00000, 0x00000000fdc00000|100%| O|  |TAMS 0x00000000fdb00000| PB 0x00000000fdb00000| Untracked 
|2012|0x00000000fdc00000, 0x00000000fdd00000, 0x00000000fdd00000|100%| O|  |TAMS 0x00000000fdc00000| PB 0x00000000fdc00000| Untracked 
|2013|0x00000000fdd00000, 0x00000000fde00000, 0x00000000fde00000|100%| O|  |TAMS 0x00000000fdd00000| PB 0x00000000fdd00000| Untracked 
|2014|0x00000000fde00000, 0x00000000fdf00000, 0x00000000fdf00000|100%| O|CS|TAMS 0x00000000fde00000| PB 0x00000000fde00000| Complete 
|2015|0x00000000fdf00000, 0x00000000fe000000, 0x00000000fe000000|100%| O|  |TAMS 0x00000000fdf00000| PB 0x00000000fdf00000| Untracked 
|2016|0x00000000fe000000, 0x00000000fe100000, 0x00000000fe100000|100%| O|CS|TAMS 0x00000000fe000000| PB 0x00000000fe000000| Complete 
|2017|0x00000000fe100000, 0x00000000fe200000, 0x00000000fe200000|100%| E|CS|TAMS 0x00000000fe100000| PB 0x00000000fe100000| Complete 
|2018|0x00000000fe200000, 0x00000000fe300000, 0x00000000fe300000|100%| E|CS|TAMS 0x00000000fe200000| PB 0x00000000fe200000| Complete 
|2019|0x00000000fe300000, 0x00000000fe400000, 0x00000000fe400000|100%| E|CS|TAMS 0x00000000fe300000| PB 0x00000000fe300000| Complete 
|2020|0x00000000fe400000, 0x00000000fe500000, 0x00000000fe500000|100%| E|CS|TAMS 0x00000000fe400000| PB 0x00000000fe400000| Complete 
|2021|0x00000000fe500000, 0x00000000fe600000, 0x00000000fe600000|100%| E|CS|TAMS 0x00000000fe500000| PB 0x00000000fe500000| Complete 
|2022|0x00000000fe600000, 0x00000000fe700000, 0x00000000fe700000|100%| E|CS|TAMS 0x00000000fe600000| PB 0x00000000fe600000| Complete 
|2023|0x00000000fe700000, 0x00000000fe800000, 0x00000000fe800000|100%| E|CS|TAMS 0x00000000fe700000| PB 0x00000000fe700000| Complete 
|2024|0x00000000fe800000, 0x00000000fe900000, 0x00000000fe900000|100%| E|CS|TAMS 0x00000000fe800000| PB 0x00000000fe800000| Complete 
|2025|0x00000000fe900000, 0x00000000fea00000, 0x00000000fea00000|100%| E|CS|TAMS 0x00000000fe900000| PB 0x00000000fe900000| Complete 
|2026|0x00000000fea00000, 0x00000000feb00000, 0x00000000feb00000|100%| E|CS|TAMS 0x00000000fea00000| PB 0x00000000fea00000| Complete 
|2027|0x00000000feb00000, 0x00000000fec00000, 0x00000000fec00000|100%| E|CS|TAMS 0x00000000feb00000| PB 0x00000000feb00000| Complete 
|2028|0x00000000fec00000, 0x00000000fed00000, 0x00000000fed00000|100%| O|  |TAMS 0x00000000fec00000| PB 0x00000000fec00000| Untracked 
|2029|0x00000000fed00000, 0x00000000fee00000, 0x00000000fee00000|100%| E|CS|TAMS 0x00000000fed00000| PB 0x00000000fed00000| Complete 
|2030|0x00000000fee00000, 0x00000000fef00000, 0x00000000fef00000|100%| E|CS|TAMS 0x00000000fee00000| PB 0x00000000fee00000| Complete 
|2031|0x00000000fef00000, 0x00000000ff000000, 0x00000000ff000000|100%| E|CS|TAMS 0x00000000fef00000| PB 0x00000000fef00000| Complete 
|2032|0x00000000ff000000, 0x00000000ff100000, 0x00000000ff100000|100%| E|CS|TAMS 0x00000000ff000000| PB 0x00000000ff000000| Complete 
|2033|0x00000000ff100000, 0x00000000ff200000, 0x00000000ff200000|100%| E|CS|TAMS 0x00000000ff100000| PB 0x00000000ff100000| Complete 
|2034|0x00000000ff200000, 0x00000000ff300000, 0x00000000ff300000|100%| E|CS|TAMS 0x00000000ff200000| PB 0x00000000ff200000| Complete 
|2035|0x00000000ff300000, 0x00000000ff400000, 0x00000000ff400000|100%| E|CS|TAMS 0x00000000ff300000| PB 0x00000000ff300000| Complete 
|2036|0x00000000ff400000, 0x00000000ff500000, 0x00000000ff500000|100%| E|CS|TAMS 0x00000000ff400000| PB 0x00000000ff400000| Complete 
|2037|0x00000000ff500000, 0x00000000ff600000, 0x00000000ff600000|100%| E|CS|TAMS 0x00000000ff500000| PB 0x00000000ff500000| Complete 
|2038|0x00000000ff600000, 0x00000000ff700000, 0x00000000ff700000|100%| E|CS|TAMS 0x00000000ff600000| PB 0x00000000ff600000| Complete 
|2039|0x00000000ff700000, 0x00000000ff800000, 0x00000000ff800000|100%| E|CS|TAMS 0x00000000ff700000| PB 0x00000000ff700000| Complete 
|2040|0x00000000ff800000, 0x00000000ff900000, 0x00000000ff900000|100%| E|CS|TAMS 0x00000000ff800000| PB 0x00000000ff800000| Complete 
|2041|0x00000000ff900000, 0x00000000ffa00000, 0x00000000ffa00000|100%| E|CS|TAMS 0x00000000ff900000| PB 0x00000000ff900000| Complete 
|2042|0x00000000ffa00000, 0x00000000ffb00000, 0x00000000ffb00000|100%| E|CS|TAMS 0x00000000ffa00000| PB 0x00000000ffa00000| Complete 
|2043|0x00000000ffb00000, 0x00000000ffc00000, 0x00000000ffc00000|100%| E|CS|TAMS 0x00000000ffb00000| PB 0x00000000ffb00000| Complete 
|2044|0x00000000ffc00000, 0x00000000ffd00000, 0x00000000ffd00000|100%| E|CS|TAMS 0x00000000ffc00000| PB 0x00000000ffc00000| Complete 
|2045|0x00000000ffd00000, 0x00000000ffe00000, 0x00000000ffe00000|100%| O|  |TAMS 0x00000000ffd00000| PB 0x00000000ffd00000| Untracked 
|2046|0x00000000ffe00000, 0x00000000fff00000, 0x00000000fff00000|100%| O|  |TAMS 0x00000000ffe00000| PB 0x00000000ffe00000| Untracked 
|2047|0x00000000fff00000, 0x0000000100000000, 0x0000000100000000|100%| O|  |TAMS 0x00000000fff00000| PB 0x00000000fff00000| Untracked 

Card table byte_map: [0x0000018cae8d0000,0x0000018caecd0000] _byte_map_base: 0x0000018cae4d0000

Marking Bits: (CMBitMap*) 0x0000018c966b9fa0
 Bits: [0x0000018caecd0000, 0x0000018cb0cd0000)

Polling page: 0x0000018c943b0000

Metaspace:

Usage:
  Non-class:    203.15 MB used.
      Class:     31.18 MB used.
       Both:    234.32 MB used.

Virtual space:
  Non-class space:      256.00 MB reserved,     204.75 MB ( 80%) committed,  4 nodes.
      Class space:        1.00 GB reserved,      32.75 MB (  3%) committed,  1 nodes.
             Both:        1.25 GB reserved,     237.50 MB ( 19%) committed. 

Chunk freelists:
   Non-Class:  3.05 MB
       Class:  15.25 MB
        Both:  18.30 MB

MaxMetaspaceSize: unlimited
CompressedClassSpaceSize: 1.00 GB
Initial GC threshold: 21.00 MB
Current GC threshold: 378.12 MB
CDS: on
 - commit_granule_bytes: 65536.
 - commit_granule_words: 8192.
 - virtual_space_node_default_size: 8388608.
 - enlarge_chunks_in_place: 1.
 - use_allocation_guard: 0.


Internal statistics:

num_allocs_failed_limit: 6.
num_arena_births: 6364.
num_arena_deaths: 270.
num_vsnodes_births: 5.
num_vsnodes_deaths: 0.
num_space_committed: 3797.
num_space_uncommitted: 0.
num_chunks_returned_to_freelist: 410.
num_chunks_taken_from_freelist: 17352.
num_chunk_merges: 156.
num_chunk_splits: 11532.
num_chunks_enlarged: 7517.
num_inconsistent_stats: 0.

CodeHeap 'non-profiled nmethods': size=119168Kb used=14745Kb max_used=16630Kb free=104422Kb
 bounds [0x0000018ca68f0000, 0x0000018ca7930000, 0x0000018cadd50000]
CodeHeap 'profiled nmethods': size=119104Kb used=37314Kb max_used=39298Kb free=81789Kb
 bounds [0x0000018c9ed50000, 0x0000018ca1400000, 0x0000018ca61a0000]
CodeHeap 'non-nmethods': size=7488Kb used=4723Kb max_used=4800Kb free=2764Kb
 bounds [0x0000018ca61a0000, 0x0000018ca6670000, 0x0000018ca68f0000]
 total_blobs=19800 nmethods=18537 adapters=1161
 compilation: enabled
              stopped_count=0, restarted_count=0
 full_count=0

Compilation events (20 events):
Event: 306.803 Thread 0x0000018cf5158cf0 nmethod 31239 0x0000018ca0276b10 code [0x0000018ca0276d80, 0x0000018ca0277880]
Event: 306.804 Thread 0x0000018cf5158520 31240 %     4       java.math.BigInteger::montReduce @ 9 (99 bytes)
Event: 306.804 Thread 0x0000018cfb7cd920 31241       3       sun.security.jca.ProviderList::getService (118 bytes)
Event: 306.804 Thread 0x0000018cf5158cf0 31242       3       sun.security.provider.DigestBase::<init> (27 bytes)
Event: 306.804 Thread 0x0000018cf5158cf0 nmethod 31242 0x0000018ca0276510 code [0x0000018ca02766c0, 0x0000018ca02769e0]
Event: 306.804 Thread 0x0000018cfb7cd920 nmethod 31241 0x0000018c9efbfe10 code [0x0000018c9efc00c0, 0x0000018c9efc0c60]
Event: 306.813 Thread 0x0000018cfb7cd920 31243       1       java.util.KeyValueHolder::getKey (5 bytes)
Event: 306.813 Thread 0x0000018cfb7cd920 nmethod 31243 0x0000018ca751cb90 code [0x0000018ca751cd20, 0x0000018ca751cde8]
Event: 306.813 Thread 0x0000018cf5158520 nmethod 31240% 0x0000018ca70f2010 code [0x0000018ca70f2200, 0x0000018ca70f2b38]
Event: 306.816 Thread 0x0000018cfb7cd920 31244       3       org.gradle.internal.snapshot.impl.AbstractValueProcessor::processArray (58 bytes)
Event: 306.816 Thread 0x0000018cf5158cf0 31245       3       java.util.Locale::getDefault (63 bytes)
Event: 306.816 Thread 0x0000018cfb7cd920 nmethod 31244 0x0000018c9efbf390 code [0x0000018c9efbf5c0, 0x0000018c9efbfbe8]
Event: 306.817 Thread 0x0000018cf5158cf0 nmethod 31245 0x0000018c9efbe790 code [0x0000018c9efbe9c0, 0x0000018c9efbf180]
Event: 306.817 Thread 0x0000018cf5158cf0 31246       3       org.gradle.internal.service.DefaultServiceRegistry::newRegistration (10 bytes)
Event: 306.817 Thread 0x0000018cfb7ced90 31247       3       org.gradle.internal.snapshot.impl.IsolatedArray::isolate (5 bytes)
Event: 306.817 Thread 0x0000018cfb7ced90 nmethod 31247 0x0000018ca0275f90 code [0x0000018ca0276140, 0x0000018ca0276298]
Event: 306.817 Thread 0x0000018cf5158cf0 nmethod 31246 0x0000018c9efbe210 code [0x0000018c9efbe3c0, 0x0000018c9efbe6a0]
Event: 306.820 Thread 0x0000018c834ea770 nmethod 31236 0x0000018ca73f2010 code [0x0000018ca73f2280, 0x0000018ca73f3860]
Event: 306.859 Thread 0x0000018c81250b40 31248       4       java.lang.ThreadLocal$ThreadLocalMap::cleanSomeSlots (61 bytes)
Event: 306.861 Thread 0x0000018c81250b40 nmethod 31248 0x0000018ca70f1b10 code [0x0000018ca70f1ca0, 0x0000018ca70f1e08]

GC Heap History (20 events):
Event: 36.918 GC heap after
{Heap after GC invocations=50 (full 0):
 garbage-first heap   total 436224K, used 190205K [0x0000000080000000, 0x0000000100000000)
  region size 1024K, 8 young (8192K), 8 survivors (8192K)
 Metaspace       used 135489K, committed 137920K, reserved 1179648K
  class space    used 19523K, committed 20800K, reserved 1048576K
}
Event: 290.798 GC heap before
{Heap before GC invocations=50 (full 0):
 garbage-first heap   total 436224K, used 271101K [0x0000000080000000, 0x0000000100000000)
  region size 1024K, 89 young (91136K), 8 survivors (8192K)
 Metaspace       used 143360K, committed 145856K, reserved 1179648K
  class space    used 20284K, committed 21568K, reserved 1048576K
}
Event: 290.802 GC heap after
{Heap after GC invocations=51 (full 0):
 garbage-first heap   total 436224K, used 193305K [0x0000000080000000, 0x0000000100000000)
  region size 1024K, 11 young (11264K), 11 survivors (11264K)
 Metaspace       used 143360K, committed 145856K, reserved 1179648K
  class space    used 20284K, committed 21568K, reserved 1048576K
}
Event: 294.757 GC heap before
{Heap before GC invocations=52 (full 0):
 garbage-first heap   total 436224K, used 407321K [0x0000000080000000, 0x0000000100000000)
  region size 1024K, 205 young (209920K), 11 survivors (11264K)
 Metaspace       used 162857K, committed 165824K, reserved 1245184K
  class space    used 22941K, committed 24448K, reserved 1048576K
}
Event: 294.771 GC heap after
{Heap after GC invocations=53 (full 0):
 garbage-first heap   total 446464K, used 236180K [0x0000000080000000, 0x0000000100000000)
  region size 1024K, 26 young (26624K), 26 survivors (26624K)
 Metaspace       used 162857K, committed 165824K, reserved 1245184K
  class space    used 22941K, committed 24448K, reserved 1048576K
}
Event: 297.635 GC heap before
{Heap before GC invocations=53 (full 0):
 garbage-first heap   total 446464K, used 394900K [0x0000000080000000, 0x0000000100000000)
  region size 1024K, 182 young (186368K), 26 survivors (26624K)
 Metaspace       used 183044K, committed 186176K, reserved 1245184K
  class space    used 25765K, committed 27328K, reserved 1048576K
}
Event: 297.646 GC heap after
{Heap after GC invocations=54 (full 0):
 garbage-first heap   total 446464K, used 220015K [0x0000000080000000, 0x0000000100000000)
  region size 1024K, 10 young (10240K), 10 survivors (10240K)
 Metaspace       used 183044K, committed 186176K, reserved 1245184K
  class space    used 25765K, committed 27328K, reserved 1048576K
}
Event: 299.529 GC heap before
{Heap before GC invocations=54 (full 0):
 garbage-first heap   total 446464K, used 400239K [0x0000000080000000, 0x0000000100000000)
  region size 1024K, 187 young (191488K), 10 survivors (10240K)
 Metaspace       used 199832K, committed 202944K, reserved 1245184K
  class space    used 27398K, committed 28992K, reserved 1048576K
}
Event: 299.539 GC heap after
{Heap after GC invocations=55 (full 0):
 garbage-first heap   total 446464K, used 243650K [0x0000000080000000, 0x0000000100000000)
  region size 1024K, 24 young (24576K), 24 survivors (24576K)
 Metaspace       used 199832K, committed 202944K, reserved 1245184K
  class space    used 27398K, committed 28992K, reserved 1048576K
}
Event: 301.304 GC heap before
{Heap before GC invocations=56 (full 0):
 garbage-first heap   total 446464K, used 396226K [0x0000000080000000, 0x0000000100000000)
  region size 1024K, 175 young (179200K), 24 survivors (24576K)
 Metaspace       used 213098K, committed 216320K, reserved 1245184K
  class space    used 28923K, committed 30528K, reserved 1048576K
}
Event: 301.316 GC heap after
{Heap after GC invocations=57 (full 0):
 garbage-first heap   total 446464K, used 266799K [0x0000000080000000, 0x0000000100000000)
  region size 1024K, 22 young (22528K), 22 survivors (22528K)
 Metaspace       used 213098K, committed 216320K, reserved 1245184K
  class space    used 28923K, committed 30528K, reserved 1048576K
}
Event: 303.332 GC heap before
{Heap before GC invocations=57 (full 0):
 garbage-first heap   total 446464K, used 399919K [0x0000000080000000, 0x0000000100000000)
  region size 1024K, 152 young (155648K), 22 survivors (22528K)
 Metaspace       used 228563K, committed 231744K, reserved 1310720K
  class space    used 30603K, committed 32192K, reserved 1048576K
}
Event: 303.343 GC heap after
{Heap after GC invocations=58 (full 0):
 garbage-first heap   total 446464K, used 240985K [0x0000000080000000, 0x0000000100000000)
  region size 1024K, 10 young (10240K), 10 survivors (10240K)
 Metaspace       used 228563K, committed 231744K, reserved 1310720K
  class space    used 30603K, committed 32192K, reserved 1048576K
}
Event: 304.063 GC heap before
{Heap before GC invocations=58 (full 0):
 garbage-first heap   total 446464K, used 396633K [0x0000000080000000, 0x0000000100000000)
  region size 1024K, 163 young (166912K), 10 survivors (10240K)
 Metaspace       used 228983K, committed 232192K, reserved 1310720K
  class space    used 30637K, committed 32256K, reserved 1048576K
}
Event: 304.070 GC heap after
{Heap after GC invocations=59 (full 0):
 garbage-first heap   total 446464K, used 250880K [0x0000000080000000, 0x0000000100000000)
  region size 1024K, 18 young (18432K), 18 survivors (18432K)
 Metaspace       used 228983K, committed 232192K, reserved 1310720K
  class space    used 30637K, committed 32256K, reserved 1048576K
}
Event: 304.310 GC heap before
{Heap before GC invocations=59 (full 0):
 garbage-first heap   total 446464K, used 343040K [0x0000000080000000, 0x0000000100000000)
  region size 1024K, 109 young (111616K), 18 survivors (18432K)
 Metaspace       used 229094K, committed 232256K, reserved 1310720K
  class space    used 30652K, committed 32256K, reserved 1048576K
}
Event: 304.321 GC heap after
{Heap after GC invocations=60 (full 0):
 garbage-first heap   total 446464K, used 286188K [0x0000000080000000, 0x0000000100000000)
  region size 1024K, 21 young (21504K), 21 survivors (21504K)
 Metaspace       used 229094K, committed 232256K, reserved 1310720K
  class space    used 30652K, committed 32256K, reserved 1048576K
}
Event: 305.260 GC heap before
{Heap before GC invocations=61 (full 0):
 garbage-first heap   total 480256K, used 392684K [0x0000000080000000, 0x0000000100000000)
  region size 1024K, 123 young (125952K), 21 survivors (21504K)
 Metaspace       used 230653K, committed 233856K, reserved 1310720K
  class space    used 30775K, committed 32384K, reserved 1048576K
}
Event: 305.265 GC heap after
{Heap after GC invocations=62 (full 0):
 garbage-first heap   total 480256K, used 284248K [0x0000000080000000, 0x0000000100000000)
  region size 1024K, 5 young (5120K), 5 survivors (5120K)
 Metaspace       used 230653K, committed 233856K, reserved 1310720K
  class space    used 30775K, committed 32384K, reserved 1048576K
}
Event: 306.865 GC heap before
{Heap before GC invocations=62 (full 0):
 garbage-first heap   total 480256K, used 429656K [0x0000000080000000, 0x0000000100000000)
  region size 1024K, 143 young (146432K), 5 survivors (5120K)
 Metaspace       used 239948K, committed 243200K, reserved 1310720K
  class space    used 31923K, committed 33536K, reserved 1048576K
}

Dll operation events (16 events):
Event: 0.008 Loaded shared library C:\Users\ASUS\.gradle\jdks\eclipse_adoptium-21-amd64-windows.2\bin\java.dll
Event: 0.029 Loaded shared library C:\Users\ASUS\.gradle\jdks\eclipse_adoptium-21-amd64-windows.2\bin\jsvml.dll
Event: 0.052 Loaded shared library C:\Users\ASUS\.gradle\jdks\eclipse_adoptium-21-amd64-windows.2\bin\zip.dll
Event: 0.055 Loaded shared library C:\Users\ASUS\.gradle\jdks\eclipse_adoptium-21-amd64-windows.2\bin\instrument.dll
Event: 0.058 Loaded shared library C:\Users\ASUS\.gradle\jdks\eclipse_adoptium-21-amd64-windows.2\bin\net.dll
Event: 0.059 Loaded shared library C:\Users\ASUS\.gradle\jdks\eclipse_adoptium-21-amd64-windows.2\bin\nio.dll
Event: 0.061 Loaded shared library C:\Users\ASUS\.gradle\jdks\eclipse_adoptium-21-amd64-windows.2\bin\zip.dll
Event: 0.240 Loaded shared library C:\Users\ASUS\.gradle\jdks\eclipse_adoptium-21-amd64-windows.2\bin\jimage.dll
Event: 0.409 Loaded shared library C:\Users\ASUS\.gradle\jdks\eclipse_adoptium-21-amd64-windows.2\bin\verify.dll
Event: 0.429 Loaded shared library C:\Users\ASUS\.gradle\native\660c5614fbf4a5f2a75b1949f50a0caf5cd603558e7d8a26e50b933a0cfb79d1\windows-amd64\native-platform.dll
Event: 0.437 Loaded shared library C:\Users\ASUS\.gradle\native\0.2.8\x86_64-windows-gnu\gradle-fileevents.dll
Event: 1.019 Loaded shared library C:\Users\ASUS\.gradle\jdks\eclipse_adoptium-21-amd64-windows.2\bin\management.dll
Event: 1.021 Loaded shared library C:\Users\ASUS\.gradle\jdks\eclipse_adoptium-21-amd64-windows.2\bin\management_ext.dll
Event: 1.096 Loaded shared library C:\Users\ASUS\.gradle\jdks\eclipse_adoptium-21-amd64-windows.2\bin\extnet.dll
Event: 1.243 Loaded shared library C:\Users\ASUS\.gradle\jdks\eclipse_adoptium-21-amd64-windows.2\bin\sunmscapi.dll
Event: 11.643 Loaded shared library C:\Users\ASUS\.gradle\jdks\eclipse_adoptium-21-amd64-windows.2\bin\rmi.dll

Deoptimization events (20 events):
Event: 306.778 Thread 0x0000018c8495f150 Uncommon trap: trap_request=0xffffffbe fr.pc=0x0000018ca7500a24 relative=0x00000000000007a4
Event: 306.778 Thread 0x0000018c8495f150 Uncommon trap: reason=profile_predicate action=maybe_recompile pc=0x0000018ca7500a24 method=java.math.BigInteger.montReduce([I[III)[I @ 56 c2
Event: 306.778 Thread 0x0000018c8495f150 DEOPT PACKING pc=0x0000018ca7500a24 sp=0x0000002112bef9f0
Event: 306.778 Thread 0x0000018c8495f150 DEOPT UNPACKING pc=0x0000018ca61f7da2 sp=0x0000002112bef9b8 mode 2
Event: 306.778 Thread 0x0000018c8495f150 Uncommon trap: trap_request=0xffffffbe fr.pc=0x0000018ca74b2e04 relative=0x0000000000000624
Event: 306.778 Thread 0x0000018c8495f150 Uncommon trap: reason=profile_predicate action=maybe_recompile pc=0x0000018ca74b2e04 method=java.math.BigInteger.montReduce([I[III)[I @ 9 c2
Event: 306.778 Thread 0x0000018c8495f150 DEOPT PACKING pc=0x0000018ca74b2e04 sp=0x0000002112bef9f0
Event: 306.778 Thread 0x0000018c8495f150 DEOPT UNPACKING pc=0x0000018ca61f7da2 sp=0x0000002112bef9c0 mode 2
Event: 306.778 Thread 0x0000018c8495f150 Uncommon trap: trap_request=0xffffffbe fr.pc=0x0000018ca74b2e04 relative=0x0000000000000624
Event: 306.778 Thread 0x0000018c8495f150 Uncommon trap: reason=profile_predicate action=maybe_recompile pc=0x0000018ca74b2e04 method=java.math.BigInteger.montReduce([I[III)[I @ 9 c2
Event: 306.778 Thread 0x0000018c8495f150 DEOPT PACKING pc=0x0000018ca74b2e04 sp=0x0000002112bef9f0
Event: 306.778 Thread 0x0000018c8495f150 DEOPT UNPACKING pc=0x0000018ca61f7da2 sp=0x0000002112bef9c0 mode 2
Event: 306.779 Thread 0x0000018c8495f150 Uncommon trap: trap_request=0xffffffbe fr.pc=0x0000018ca7505738 relative=0x0000000000000bd8
Event: 306.779 Thread 0x0000018c8495f150 Uncommon trap: reason=profile_predicate action=maybe_recompile pc=0x0000018ca7505738 method=java.math.MutableBigInteger.add(Ljava/math/MutableBigInteger;)V @ 68 c2
Event: 306.779 Thread 0x0000018c8495f150 DEOPT PACKING pc=0x0000018ca7505738 sp=0x0000002112befdc0
Event: 306.779 Thread 0x0000018c8495f150 DEOPT UNPACKING pc=0x0000018ca61f7da2 sp=0x0000002112befd60 mode 2
Event: 306.779 Thread 0x0000018c8495f150 Uncommon trap: trap_request=0xffffffbe fr.pc=0x0000018ca7505738 relative=0x0000000000000bd8
Event: 306.779 Thread 0x0000018c8495f150 Uncommon trap: reason=profile_predicate action=maybe_recompile pc=0x0000018ca7505738 method=java.math.MutableBigInteger.add(Ljava/math/MutableBigInteger;)V @ 68 c2
Event: 306.779 Thread 0x0000018c8495f150 DEOPT PACKING pc=0x0000018ca7505738 sp=0x0000002112befd70
Event: 306.779 Thread 0x0000018c8495f150 DEOPT UNPACKING pc=0x0000018ca61f7da2 sp=0x0000002112befd00 mode 2

Classes loaded (20 events):
Event: 297.585 Loading class sun/nio/cs/UTF_32BE
Event: 297.585 Loading class sun/nio/cs/UTF_32BE done
Event: 297.585 Loading class sun/nio/cs/UTF_32LE
Event: 297.585 Loading class sun/nio/cs/UTF_32LE done
Event: 297.585 Loading class sun/nio/cs/MS1251
Event: 297.585 Loading class sun/nio/cs/MS1251 done
Event: 297.778 Loading class java/beans/PropertyChangeSupport
Event: 297.778 Loading class java/beans/PropertyChangeSupport done
Event: 297.778 Loading class java/beans/PropertyChangeSupport$PropertyChangeListenerMap
Event: 297.779 Loading class java/beans/ChangeListenerMap
Event: 297.779 Loading class java/beans/ChangeListenerMap done
Event: 297.779 Loading class java/beans/PropertyChangeSupport$PropertyChangeListenerMap done
Event: 297.974 Loading class java/util/regex/Pattern$Bound
Event: 297.974 Loading class java/util/regex/Pattern$Bound done
Event: 298.038 Loading class java/util/function/IntUnaryOperator
Event: 298.038 Loading class java/util/function/IntUnaryOperator done
Event: 299.982 Loading class java/text/StringCharacterIterator
Event: 299.982 Loading class java/text/CharacterIterator
Event: 299.982 Loading class java/text/CharacterIterator done
Event: 299.982 Loading class java/text/StringCharacterIterator done

Classes unloaded (20 events):
Event: 33.550 Thread 0x0000018cf5126b40 Unloading class 0x0000018cb6128000 'java/lang/invoke/LambdaForm$DMH+0x0000018cb6128000'
Event: 34.334 Thread 0x0000018cf5126b40 Unloading class 0x0000018cb62e1400 'java/lang/invoke/LambdaForm$DMH+0x0000018cb62e1400'
Event: 34.334 Thread 0x0000018cf5126b40 Unloading class 0x0000018cb62e1000 'java/lang/invoke/LambdaForm$DMH+0x0000018cb62e1000'
Event: 34.334 Thread 0x0000018cf5126b40 Unloading class 0x0000018cb62e0c00 'java/lang/invoke/LambdaForm$DMH+0x0000018cb62e0c00'
Event: 34.334 Thread 0x0000018cf5126b40 Unloading class 0x0000018cb62e0800 'java/lang/invoke/LambdaForm$DMH+0x0000018cb62e0800'
Event: 34.334 Thread 0x0000018cf5126b40 Unloading class 0x0000018cb62e0400 'java/lang/invoke/LambdaForm$DMH+0x0000018cb62e0400'
Event: 34.334 Thread 0x0000018cf5126b40 Unloading class 0x0000018cb62e0000 'java/lang/invoke/LambdaForm$DMH+0x0000018cb62e0000'
Event: 34.334 Thread 0x0000018cf5126b40 Unloading class 0x0000018cb62dd800 'java/lang/invoke/LambdaForm$DMH+0x0000018cb62dd800'
Event: 34.334 Thread 0x0000018cf5126b40 Unloading class 0x0000018cb62dd400 'java/lang/invoke/LambdaForm$DMH+0x0000018cb62dd400'
Event: 34.334 Thread 0x0000018cf5126b40 Unloading class 0x0000018cb62dc800 'java/lang/invoke/LambdaForm$DMH+0x0000018cb62dc800'
Event: 34.334 Thread 0x0000018cf5126b40 Unloading class 0x0000018cb62dc400 'java/lang/invoke/LambdaForm$DMH+0x0000018cb62dc400'
Event: 34.334 Thread 0x0000018cf5126b40 Unloading class 0x0000018cb62dd000 'java/lang/invoke/LambdaForm$DMH+0x0000018cb62dd000'
Event: 34.334 Thread 0x0000018cf5126b40 Unloading class 0x0000018cb62d5000 'java/lang/invoke/LambdaForm$DMH+0x0000018cb62d5000'
Event: 34.334 Thread 0x0000018cf5126b40 Unloading class 0x0000018cb62d4c00 'java/lang/invoke/LambdaForm$DMH+0x0000018cb62d4c00'
Event: 34.334 Thread 0x0000018cf5126b40 Unloading class 0x0000018cb62d4800 'java/lang/invoke/LambdaForm$DMH+0x0000018cb62d4800'
Event: 34.334 Thread 0x0000018cf5126b40 Unloading class 0x0000018cb62d4400 'java/lang/invoke/LambdaForm$DMH+0x0000018cb62d4400'
Event: 299.600 Thread 0x0000018cf5126b40 Unloading class 0x0000018cb6420000 'java/lang/invoke/LambdaForm$DMH+0x0000018cb6420000'
Event: 299.600 Thread 0x0000018cf5126b40 Unloading class 0x0000018cb6420c00 'java/lang/invoke/LambdaForm$DMH+0x0000018cb6420c00'
Event: 299.600 Thread 0x0000018cf5126b40 Unloading class 0x0000018cb6420800 'java/lang/invoke/LambdaForm$DMH+0x0000018cb6420800'
Event: 299.600 Thread 0x0000018cf5126b40 Unloading class 0x0000018cb5e24400 'java/lang/invoke/LambdaForm$MH+0x0000018cb5e24400'

Classes redefined (0 events):
No events

Internal exceptions (20 events):
Event: 304.141 Thread 0x0000018c8495f150 Exception <a 'sun/nio/fs/WindowsException'{0x00000000ff7a9ab8}> (0x00000000ff7a9ab8) 
thrown [s\src\hotspot\share\prims\jni.cpp, line 520]
Event: 304.145 Thread 0x0000018c8495f150 Exception <a 'java/io/FileNotFoundException'{0x00000000ff7af2a0}> (0x00000000ff7af2a0) 
thrown [s\src\hotspot\share\prims\jni.cpp, line 520]
Event: 304.179 Thread 0x0000018c8495f150 Exception <a 'sun/nio/fs/WindowsException'{0x00000000ff52ac20}> (0x00000000ff52ac20) 
thrown [s\src\hotspot\share\prims\jni.cpp, line 520]
Event: 304.179 Thread 0x0000018c8495f150 Exception <a 'sun/nio/fs/WindowsException'{0x00000000ff52cd20}> (0x00000000ff52cd20) 
thrown [s\src\hotspot\share\prims\jni.cpp, line 520]
Event: 304.919 Thread 0x0000018c8495f150 Exception <a 'sun/nio/fs/WindowsException'{0x0000000097bace90}> (0x0000000097bace90) 
thrown [s\src\hotspot\share\prims\jni.cpp, line 520]
Event: 304.919 Thread 0x0000018c8495f150 Exception <a 'sun/nio/fs/WindowsException'{0x0000000097baed40}> (0x0000000097baed40) 
thrown [s\src\hotspot\share\prims\jni.cpp, line 520]
Event: 304.925 Thread 0x0000018c8495f150 Exception <a 'sun/nio/fs/WindowsException'{0x0000000097bbece0}> (0x0000000097bbece0) 
thrown [s\src\hotspot\share\prims\jni.cpp, line 520]
Event: 304.931 Thread 0x0000018c8495f150 Exception <a 'sun/nio/fs/WindowsException'{0x0000000097bd1e08}> (0x0000000097bd1e08) 
thrown [s\src\hotspot\share\prims\jni.cpp, line 520]
Event: 304.940 Thread 0x0000018c8495f150 Exception <a 'sun/nio/fs/WindowsException'{0x0000000097bdc2a0}> (0x0000000097bdc2a0) 
thrown [s\src\hotspot\share\prims\jni.cpp, line 520]
Event: 306.237 Thread 0x0000018c8495f150 Exception <a 'java/lang/NoSuchMethodError'{0x00000000974a94f0}: static Lorg/jetbrains/kotlin/gradle/plugin/diagnostics/DefaultCompilerDiagnosticsProblemsReporter$Factory;.<clinit>()V> (0x00000000974a94f0) 
thrown [s\src\hotspot\share\prims\jni.cpp, line 1111]
Event: 306.238 Thread 0x0000018c8495f150 Exception <a 'java/lang/NoSuchMethodError'{0x00000000974d1728}: static Lorg/jetbrains/kotlin/gradle/plugin/internal/DefaultProjectIsolationStartParameterAccessor$Factory;.<clinit>()V> (0x00000000974d1728) 
thrown [s\src\hotspot\share\prims\jni.cpp, line 1111]
Event: 306.240 Thread 0x0000018c8495f150 Exception <a 'java/lang/NoSuchMethodError'{0x00000000974fbe08}: static Lorg/jetbrains/kotlin/gradle/plugin/internal/DefaultJavaExecTaskParametersCompatibility$Factory;.<clinit>()V> (0x00000000974fbe08) 
thrown [s\src\hotspot\share\prims\jni.cpp, line 1111]
Event: 306.242 Thread 0x0000018c8495f150 Exception <a 'java/lang/NoSuchMethodError'{0x0000000097323d88}: static Lorg/jetbrains/kotlin/gradle/plugin/internal/DefaultCopySpecAccessor$Factory;.<clinit>()V> (0x0000000097323d88) 
thrown [s\src\hotspot\share\prims\jni.cpp, line 1111]
Event: 306.244 Thread 0x0000018c8495f150 Exception <a 'java/lang/NoSuchMethodError'{0x000000009734de38}: static Lorg/jetbrains/kotlin/gradle/plugin/internal/DefaultProjectDependencyAccessor$Factory;.<clinit>()V> (0x000000009734de38) 
thrown [s\src\hotspot\share\prims\jni.cpp, line 1111]
Event: 306.246 Thread 0x0000018c8495f150 Exception <a 'java/lang/NoSuchMethodError'{0x0000000097389660}: static Lorg/jetbrains/kotlin/gradle/plugin/internal/DefaultMavenPublicationComponentAccessorFactory;.<clinit>()V> (0x0000000097389660) 
thrown [s\src\hotspot\share\prims\jni.cpp, line 1111]
Event: 306.247 Thread 0x0000018c8495f150 Exception <a 'java/lang/NoSuchMethodError'{0x00000000973b24e0}: static Lorg/jetbrains/kotlin/gradle/plugin/diagnostics/DefaultProblemsReporter$Factory;.<clinit>()V> (0x00000000973b24e0) 
thrown [s\src\hotspot\share\prims\jni.cpp, line 1111]
Event: 306.250 Thread 0x0000018c8495f150 Exception <a 'java/lang/NoSuchMethodError'{0x00000000973e9478}: static Lorg/jetbrains/kotlin/gradle/plugin/internal/DefaultCompatibilityConventionRegistrar$Factory;.<clinit>()V> (0x00000000973e9478) 
thrown [s\src\hotspot\share\prims\jni.cpp, line 1111]
Event: 306.252 Thread 0x0000018c8495f150 Exception <a 'java/lang/NoSuchMethodError'{0x0000000097211eb0}: static Lorg/jetbrains/kotlin/gradle/plugin/internal/DefaultConfigurationCacheStartParameterAccessorVariantFactory;.<clinit>()V> (0x0000000097211eb0) 
thrown [s\src\hotspot\share\prims\jni.cpp, line 1111]
Event: 306.254 Thread 0x0000018c8495f150 Exception <a 'java/lang/NoSuchMethodError'{0x000000009723c0c0}: static Lorg/jetbrains/kotlin/gradle/plugin/internal/DefaultBuildIdentifierAccessor$Factory;.<clinit>()V> (0x000000009723c0c0) 
thrown [s\src\hotspot\share\prims\jni.cpp, line 1111]
Event: 306.702 Thread 0x0000018c8495f150 Implicit null exception at 0x0000018ca72cae3e to 0x0000018ca72caf0c

ZGC Phase Switch (0 events):
No events

VM Operations (20 events):
Event: 303.648 Executing VM operation: ICBufferFull done
Event: 304.063 Executing VM operation: G1CollectForAllocation (G1 Evacuation Pause)
Event: 304.070 Executing VM operation: G1CollectForAllocation (G1 Evacuation Pause) done
Event: 304.310 Executing VM operation: G1TryInitiateConcMark (G1 Humongous Allocation)
Event: 304.321 Executing VM operation: G1TryInitiateConcMark (G1 Humongous Allocation) done
Event: 304.420 Executing VM operation: G1PauseRemark
Event: 304.439 Executing VM operation: G1PauseRemark done
Event: 304.506 Executing VM operation: G1PauseCleanup
Event: 304.506 Executing VM operation: G1PauseCleanup done
Event: 304.823 Executing VM operation: ICBufferFull
Event: 304.823 Executing VM operation: ICBufferFull done
Event: 305.260 Executing VM operation: G1CollectForAllocation (G1 Evacuation Pause)
Event: 305.265 Executing VM operation: G1CollectForAllocation (G1 Evacuation Pause) done
Event: 305.848 Executing VM operation: HandshakeAllThreads (Deoptimize)
Event: 305.848 Executing VM operation: HandshakeAllThreads (Deoptimize) done
Event: 306.088 Executing VM operation: ICBufferFull
Event: 306.088 Executing VM operation: ICBufferFull done
Event: 306.647 Executing VM operation: ICBufferFull
Event: 306.647 Executing VM operation: ICBufferFull done
Event: 306.865 Executing VM operation: G1CollectForAllocation (G1 Evacuation Pause)

Memory protections (0 events):
No events

Nmethod flushes (20 events):
Event: 304.435 Thread 0x0000018cf5126b40 flushing  nmethod 0x0000018c9fc97b90
Event: 304.435 Thread 0x0000018cf5126b40 flushing  nmethod 0x0000018c9fc99890
Event: 304.435 Thread 0x0000018cf5126b40 flushing  nmethod 0x0000018c9fc9c290
Event: 304.435 Thread 0x0000018cf5126b40 flushing  nmethod 0x0000018c9fd6cb90
Event: 304.435 Thread 0x0000018cf5126b40 flushing  nmethod 0x0000018c9ffebb10
Event: 304.435 Thread 0x0000018cf5126b40 flushing  nmethod 0x0000018c9ffee990
Event: 304.435 Thread 0x0000018cf5126b40 flushing  nmethod 0x0000018ca0611310
Event: 304.435 Thread 0x0000018cf5126b40 flushing  nmethod 0x0000018ca08c0110
Event: 304.435 Thread 0x0000018cf5126b40 flushing  nmethod 0x0000018ca0c26390
Event: 304.435 Thread 0x0000018cf5126b40 flushing  nmethod 0x0000018ca0c54510
Event: 304.435 Thread 0x0000018cf5126b40 flushing  nmethod 0x0000018ca0c94110
Event: 304.435 Thread 0x0000018cf5126b40 flushing  nmethod 0x0000018ca0c9c590
Event: 304.435 Thread 0x0000018cf5126b40 flushing  nmethod 0x0000018ca0c9ca90
Event: 304.435 Thread 0x0000018cf5126b40 flushing  nmethod 0x0000018ca0c9d290
Event: 304.435 Thread 0x0000018cf5126b40 flushing  nmethod 0x0000018ca0c9e190
Event: 304.435 Thread 0x0000018cf5126b40 flushing  nmethod 0x0000018ca0c9f490
Event: 304.435 Thread 0x0000018cf5126b40 flushing  nmethod 0x0000018ca0e7af10
Event: 304.435 Thread 0x0000018cf5126b40 flushing  nmethod 0x0000018ca0e7ca10
Event: 304.435 Thread 0x0000018cf5126b40 flushing  nmethod 0x0000018ca0e7f910
Event: 304.435 Thread 0x0000018cf5126b40 flushing  nmethod 0x0000018ca0e7fd10

Events (20 events):
Event: 303.654 Thread 0x0000018cf53b05f0 Thread added: 0x0000018c8376f940
Event: 303.654 Thread 0x0000018cf53b05f0 Thread added: 0x0000018c8376c2c0
Event: 303.655 Thread 0x0000018cf5158cf0 Thread added: 0x0000018c84e35530
Event: 305.682 Thread 0x0000018c84e35530 Thread exited: 0x0000018c84e35530
Event: 305.684 Thread 0x0000018c8376c2c0 Thread exited: 0x0000018c8376c2c0
Event: 305.684 Thread 0x0000018c8376f940 Thread exited: 0x0000018c8376f940
Event: 305.708 Thread 0x0000018c8376d060 Thread exited: 0x0000018c8376d060
Event: 305.735 Thread 0x0000018cfee79730 Thread exited: 0x0000018cfee79730
Event: 305.735 Thread 0x0000018c8531a460 Thread exited: 0x0000018c8531a460
Event: 306.087 Thread 0x0000018cf5158cf0 Thread added: 0x0000018c834ea770
Event: 306.087 Thread 0x0000018cfb7ced90 Thread added: 0x0000018cfb7ccb80
Event: 306.087 Thread 0x0000018cfb7ced90 Thread added: 0x0000018cfb7cc4b0
Event: 306.088 Thread 0x0000018cf5158cf0 Thread added: 0x0000018c834e77c0
Event: 306.284 Thread 0x0000018cf53b05f0 Thread added: 0x0000018cfe2bd7e0
Event: 306.379 Thread 0x0000018cf53b05f0 Thread added: 0x0000018c80c01b70
Event: 306.603 Thread 0x0000018c80c01b70 Thread exited: 0x0000018c80c01b70
Event: 306.608 Thread 0x0000018cfe2bd7e0 Thread exited: 0x0000018cfe2bd7e0
Event: 306.608 Thread 0x0000018c834e77c0 Thread exited: 0x0000018c834e77c0
Event: 306.608 Thread 0x0000018cfb7cc4b0 Thread exited: 0x0000018cfb7cc4b0
Event: 306.623 Thread 0x0000018cfb7ccb80 Thread exited: 0x0000018cfb7ccb80


Dynamic libraries:
0x00007ff78ab70000 - 0x00007ff78ab7e000 	C:\Users\ASUS\.gradle\jdks\eclipse_adoptium-21-amd64-windows.2\bin\java.exe
0x00007ff9ca040000 - 0x00007ff9ca2a6000 	C:\WINDOWS\SYSTEM32\ntdll.dll
0x00007ff9c9190000 - 0x00007ff9c9259000 	C:\WINDOWS\System32\KERNEL32.DLL
0x00007ff9c75f0000 - 0x00007ff9c79ef000 	C:\WINDOWS\System32\KERNELBASE.dll
0x00007ff9c7250000 - 0x00007ff9c739c000 	C:\WINDOWS\System32\ucrtbase.dll
0x00007ff9947b0000 - 0x00007ff9947c8000 	C:\Users\ASUS\.gradle\jdks\eclipse_adoptium-21-amd64-windows.2\bin\jli.dll
0x00007ff9862a0000 - 0x00007ff9862be000 	C:\Users\ASUS\.gradle\jdks\eclipse_adoptium-21-amd64-windows.2\bin\VCRUNTIME140.dll
0x00007ff9c7ef0000 - 0x00007ff9c80b6000 	C:\WINDOWS\System32\USER32.dll
0x00007ff9c7500000 - 0x00007ff9c7527000 	C:\WINDOWS\System32\win32u.dll
0x00007ff9aa100000 - 0x00007ff9aa391000 	C:\WINDOWS\WinSxS\amd64_microsoft.windows.common-controls_6595b64144ccf1df_6.0.26100.8972_none_3e0da176e32f9d4b\COMCTL32.dll
0x00007ff9c8a40000 - 0x00007ff9c8a6b000 	C:\WINDOWS\System32\GDI32.dll
0x00007ff9c9830000 - 0x00007ff9c98d9000 	C:\WINDOWS\System32\msvcrt.dll
0x00007ff9c7b90000 - 0x00007ff9c7cb9000 	C:\WINDOWS\System32\gdi32full.dll
0x00007ff9c7cc0000 - 0x00007ff9c7d63000 	C:\WINDOWS\System32\msvcp_win.dll
0x00007ff9c9320000 - 0x00007ff9c9352000 	C:\WINDOWS\System32\IMM32.DLL
0x00007ff9b0680000 - 0x00007ff9b068c000 	C:\Users\ASUS\.gradle\jdks\eclipse_adoptium-21-amd64-windows.2\bin\vcruntime140_1.dll
0x00007ff914e50000 - 0x00007ff914edd000 	C:\Users\ASUS\.gradle\jdks\eclipse_adoptium-21-amd64-windows.2\bin\msvcp140.dll
0x00007fffc9f00000 - 0x00007fffcac90000 	C:\Users\ASUS\.gradle\jdks\eclipse_adoptium-21-amd64-windows.2\bin\server\jvm.dll
0x00007ff9c80c0000 - 0x00007ff9c817c000 	C:\WINDOWS\System32\ADVAPI32.dll
0x00007ff9c9780000 - 0x00007ff9c9829000 	C:\WINDOWS\System32\sechost.dll
0x00007ff9c99c0000 - 0x00007ff9c9ad8000 	C:\WINDOWS\System32\RPCRT4.dll
0x00007ff9c95e0000 - 0x00007ff9c9662000 	C:\WINDOWS\System32\WS2_32.dll
0x00007ff9c70d0000 - 0x00007ff9c712e000 	C:\WINDOWS\SYSTEM32\POWRPROF.dll
0x00007ff9bbbf0000 - 0x00007ff9bbc26000 	C:\WINDOWS\SYSTEM32\WINMM.dll
0x00007ff9bf890000 - 0x00007ff9bf89b000 	C:\WINDOWS\SYSTEM32\VERSION.dll
0x00007ff9c70b0000 - 0x00007ff9c70c5000 	C:\WINDOWS\SYSTEM32\UMPDC.dll
0x00007ff9c5f00000 - 0x00007ff9c5f1b000 	C:\WINDOWS\SYSTEM32\kernel.appcore.dll
0x00007ff9ae660000 - 0x00007ff9ae66a000 	C:\Users\ASUS\.gradle\jdks\eclipse_adoptium-21-amd64-windows.2\bin\jimage.dll
0x00007ff9bde80000 - 0x00007ff9be0c2000 	C:\WINDOWS\SYSTEM32\DBGHELP.DLL
0x00007ff9c8ac0000 - 0x00007ff9c8e45000 	C:\WINDOWS\System32\combase.dll
0x00007ff9c8e50000 - 0x00007ff9c8f29000 	C:\WINDOWS\System32\OLEAUT32.dll
0x00007ff9b9ff0000 - 0x00007ff9ba02b000 	C:\WINDOWS\SYSTEM32\dbgcore.DLL
0x00007ff9c73b0000 - 0x00007ff9c745c000 	C:\WINDOWS\System32\bcryptPrimitives.dll
0x00007ff9a5e50000 - 0x00007ff9a5e5f000 	C:\Users\ASUS\.gradle\jdks\eclipse_adoptium-21-amd64-windows.2\bin\instrument.dll
0x00007ff985c80000 - 0x00007ff985c9f000 	C:\Users\ASUS\.gradle\jdks\eclipse_adoptium-21-amd64-windows.2\bin\java.dll
0x00007ff9c82b0000 - 0x00007ff9c8a38000 	C:\WINDOWS\System32\SHELL32.dll
0x00007ff9c4cc0000 - 0x00007ff9c555b000 	C:\WINDOWS\SYSTEM32\windows.storage.dll
0x00007ff9c8190000 - 0x00007ff9c8289000 	C:\WINDOWS\System32\SHCORE.dll
0x00007ff9c9120000 - 0x00007ff9c9186000 	C:\WINDOWS\System32\shlwapi.dll
0x00007ff9c7170000 - 0x00007ff9c7199000 	C:\WINDOWS\SYSTEM32\profapi.dll
0x00007ff8cc600000 - 0x00007ff8cc6d7000 	C:\Users\ASUS\.gradle\jdks\eclipse_adoptium-21-amd64-windows.2\bin\jsvml.dll
0x00007ff981030000 - 0x00007ff981048000 	C:\Users\ASUS\.gradle\jdks\eclipse_adoptium-21-amd64-windows.2\bin\zip.dll
0x00007ff9a2710000 - 0x00007ff9a2720000 	C:\Users\ASUS\.gradle\jdks\eclipse_adoptium-21-amd64-windows.2\bin\net.dll
0x00007ff9c0b00000 - 0x00007ff9c0c27000 	C:\WINDOWS\SYSTEM32\WINHTTP.dll
0x00007ff9c6490000 - 0x00007ff9c64fc000 	C:\WINDOWS\system32\mswsock.dll
0x00007ff980fb0000 - 0x00007ff980fc6000 	C:\Users\ASUS\.gradle\jdks\eclipse_adoptium-21-amd64-windows.2\bin\nio.dll
0x00007ff9a2610000 - 0x00007ff9a2620000 	C:\Users\ASUS\.gradle\jdks\eclipse_adoptium-21-amd64-windows.2\bin\verify.dll
0x00007ff986270000 - 0x00007ff986297000 	C:\Users\ASUS\.gradle\native\660c5614fbf4a5f2a75b1949f50a0caf5cd603558e7d8a26e50b933a0cfb79d1\windows-amd64\native-platform.dll
0x00007ff905180000 - 0x00007ff9051f7000 	C:\Users\ASUS\.gradle\native\0.2.8\x86_64-windows-gnu\gradle-fileevents.dll
0x00007ff9927f0000 - 0x00007ff9927fa000 	C:\Users\ASUS\.gradle\jdks\eclipse_adoptium-21-amd64-windows.2\bin\management.dll
0x00007ff990640000 - 0x00007ff99064b000 	C:\Users\ASUS\.gradle\jdks\eclipse_adoptium-21-amd64-windows.2\bin\management_ext.dll
0x00007ff9c9110000 - 0x00007ff9c9118000 	C:\WINDOWS\System32\PSAPI.DLL
0x00007ff9c58b0000 - 0x00007ff9c58e3000 	C:\WINDOWS\SYSTEM32\IPHLPAPI.DLL
0x00007ff9c7d70000 - 0x00007ff9c7d7a000 	C:\WINDOWS\System32\NSI.dll
0x00007ff9904b0000 - 0x00007ff9904b9000 	C:\Users\ASUS\.gradle\jdks\eclipse_adoptium-21-amd64-windows.2\bin\extnet.dll
0x00007ff9c68b0000 - 0x00007ff9c68cb000 	C:\WINDOWS\SYSTEM32\CRYPTSP.dll
0x00007ff9c5e60000 - 0x00007ff9c5e99000 	C:\WINDOWS\system32\rsaenh.dll
0x00007ff9c6540000 - 0x00007ff9c6572000 	C:\WINDOWS\SYSTEM32\USERENV.dll
0x00007ff9c7140000 - 0x00007ff9c716a000 	C:\WINDOWS\SYSTEM32\bcrypt.dll
0x00007ff9c66f0000 - 0x00007ff9c66fc000 	C:\WINDOWS\SYSTEM32\CRYPTBASE.dll
0x00007ff9888e0000 - 0x00007ff9888ee000 	C:\Users\ASUS\.gradle\jdks\eclipse_adoptium-21-amd64-windows.2\bin\sunmscapi.dll
0x00007ff9c7a00000 - 0x00007ff9c7b7e000 	C:\WINDOWS\System32\CRYPT32.dll
0x00007ff9c6a20000 - 0x00007ff9c6a50000 	C:\WINDOWS\SYSTEM32\ncrypt.dll
0x00007ff9c69d0000 - 0x00007ff9c6a0f000 	C:\WINDOWS\SYSTEM32\NTASN1.dll
0x00007ff981220000 - 0x00007ff981228000 	C:\WINDOWS\system32\wshunix.dll
0x00007ff9c6030000 - 0x00007ff9c6066000 	C:\WINDOWS\SYSTEM32\ntmarta.dll
0x00007ff987e10000 - 0x00007ff987e17000 	C:\Users\ASUS\.gradle\jdks\eclipse_adoptium-21-amd64-windows.2\bin\rmi.dll

dbghelp: loaded successfully - version: 4.0.5 - missing functions: none
symbol engine: initialized successfully - sym options: 0x614 - pdb path: .;C:\Users\ASUS\.gradle\jdks\eclipse_adoptium-21-amd64-windows.2\bin;C:\WINDOWS\SYSTEM32;C:\WINDOWS\WinSxS\amd64_microsoft.windows.common-controls_6595b64144ccf1df_6.0.26100.8972_none_3e0da176e32f9d4b;C:\Users\ASUS\.gradle\jdks\eclipse_adoptium-21-amd64-windows.2\bin\server;C:\Users\ASUS\.gradle\native\660c5614fbf4a5f2a75b1949f50a0caf5cd603558e7d8a26e50b933a0cfb79d1\windows-amd64;C:\Users\ASUS\.gradle\native\0.2.8\x86_64-windows-gnu

VM Arguments:
jvm_args: --add-opens=java.base/java.lang=ALL-UNNAMED --add-opens=java.base/java.lang.invoke=ALL-UNNAMED --add-opens=java.base/java.util=ALL-UNNAMED --add-opens=java.prefs/java.util.prefs=ALL-UNNAMED --add-exports=jdk.compiler/com.sun.tools.javac.api=ALL-UNNAMED --add-exports=jdk.compiler/com.sun.tools.javac.util=ALL-UNNAMED --add-opens=java.base/java.nio.charset=ALL-UNNAMED --add-opens=java.base/java.net=ALL-UNNAMED --add-opens=java.base/java.util.concurrent=ALL-UNNAMED --add-opens=java.base/java.util.concurrent.atomic=ALL-UNNAMED --add-opens=java.xml/javax.xml.namespace=ALL-UNNAMED --add-opens=java.base/java.time=ALL-UNNAMED -Xmx2048m -Dfile.encoding=UTF-8 -Duser.country=ID -Duser.language=en -Duser.variant -javaagent:C:\Users\ASUS\.gradle\wrapper\dists\gradle-9.5.0-bin\bvnork1r7n8i6kp5cnkibsc9q\gradle-9.5.0\lib\agents\gradle-instrumentation-agent-9.5.0.jar 
java_command: org.gradle.launcher.daemon.bootstrap.GradleDaemon 9.5.0
java_class_path (initial): C:\Users\ASUS\.gradle\wrapper\dists\gradle-9.5.0-bin\bvnork1r7n8i6kp5cnkibsc9q\gradle-9.5.0\lib\gradle-daemon-main-9.5.0.jar
Launcher Type: SUN_STANDARD

[Global flags]
     intx CICompilerCount                          = 12                                        {product} {ergonomic}
     uint ConcGCThreads                            = 3                                         {product} {ergonomic}
     uint G1ConcRefinementThreads                  = 13                                        {product} {ergonomic}
   size_t G1HeapRegionSize                         = 1048576                                   {product} {ergonomic}
    uintx GCDrainStackTargetSize                   = 64                                        {product} {ergonomic}
   size_t InitialHeapSize                          = 524288000                                 {product} {ergonomic}
   size_t MarkStackSize                            = 4194304                                   {product} {ergonomic}
   size_t MaxHeapSize                              = 2147483648                                {product} {command line}
   size_t MaxNewSize                               = 1287651328                                {product} {ergonomic}
   size_t MinHeapDeltaBytes                        = 1048576                                   {product} {ergonomic}
   size_t MinHeapSize                              = 8388608                                   {product} {ergonomic}
    uintx NonNMethodCodeHeapSize                   = 7602480                                {pd product} {ergonomic}
    uintx NonProfiledCodeHeapSize                  = 122027880                              {pd product} {ergonomic}
    uintx ProfiledCodeHeapSize                     = 122027880                              {pd product} {ergonomic}
    uintx ReservedCodeCacheSize                    = 251658240                              {pd product} {ergonomic}
     bool SegmentedCodeCache                       = true                                      {product} {ergonomic}
   size_t SoftMaxHeapSize                          = 2147483648                             {manageable} {ergonomic}
     bool UseCompressedOops                        = true                           {product lp64_product} {ergonomic}
     bool UseG1GC                                  = true                                      {product} {ergonomic}
     bool UseLargePagesIndividualAllocation        = false                                  {pd product} {ergonomic}

Logging:
Log output configuration:
 #0: stdout all=warning uptime,level,tags foldmultilines=false
 #1: stderr all=off uptime,level,tags foldmultilines=false

Environment Variables:
JAVA_HOME=C:\Users\ASUS\.jdks\corretto-17.0.13
PATH=C:\Windows\system32;C:\Windows;C:\Windows\System32\Wbem;C:\Windows\System32\WindowsPowerShell\v1.0\;C:\Windows\System32\OpenSSH\;C:\Program Files (x86)\NVIDIA Corporation\PhysX\Common;C:\Program Files\NVIDIA Corporation\NVIDIA app\NvDLISR;C:\Users\ASUS\.jdks\corretto-17.0.13\bin;C:\Program Files\dotnet\;C:\WINDOWS\system32;C:\WINDOWS;C:\WINDOWS\System32\Wbem;C:\WINDOWS\System32\WindowsPowerShell\v1.0\;C:\WINDOWS\System32\OpenSSH\;C:\Program Files\nodejs\;C:\Users\ASUS\AppData\Local\Android\Sdk\platform-tools;C:\Program Files\Git\cmd;C:\ProgramData\chocolatey\bin;C:\Program Files\Cloudflare\Cloudflare WARP\;C:\Windows\system32;C:\Windows;C:\Windows\System32\Wbem;C:\Windows\System32\WindowsPowerShell\v1.0\;C:\Windows\System32\OpenSSH\;C:\Program Files (x86)\NVIDIA Corporation\PhysX\Common;C:\Program Files\NVIDIA Corporation\NVIDIA app\NvDLISR;C:\Program Files\Git\cmd;C:\Users\ASUS\.jdks\corretto-17.0.13\bin;C:\Program Files\dotnet\;C:\WINDOWS\system32;C:\WINDOWS;C:\WINDOWS\System32\Wbem;C:\WINDOWS\System32\WindowsPowerShell\v1.0\;C:\WINDOWS\System32\OpenSSH\;C:\Program Files\nodejs\;C:\Users\ASUS\AppData\Local\Android\Sdk\platform-tools;C:\Program Files\Cloudflare\Cloudflare WARP\;C:\Users\ASUS\AppData\Local\Programs\Python\Python313\Scripts\;C:\Users\ASUS\AppData\Local\Programs\Python\Python313\;C:\Users\ASUS\AppData\Local\Microsoft\WindowsApps;C:\Users\ASUS\AppData\Local\GitHubDesktop\bin;C:\Users\ASUS\AppData\Local\Microsoft\WinGet\Packages\Schniz.fnm_Microsoft.Winget.Source_8wekyb3d8bbwe;C:\Users\ASUS\AppData\Roaming\npm;C:\Program Files\JetBrains\PyCharm 2025.1.3.1\bin;C:\Users\ASUS\.puro\bin;C:\Users\ASUS\.puro\shared\pub_cache\bin;C:\Users\ASUS\.puro\envs\default\flutter\bin;C:\Users\ASUS\AppData\Local\PowerToys\DSCModules\;C:\Users\ASUS\AppData\Local\Programs\Antigravity\bin
USERNAME=ASUS
OS=Windows_NT
PROCESSOR_IDENTIFIER=AMD64 Family 25 Model 116 Stepping 1, AuthenticAMD
TMP=C:\Users\ASUS\AppData\Local\Temp
TEMP=C:\Users\ASUS\AppData\Local\Temp




Periodic native trim disabled

---------------  S Y S T E M  ---------------

OS:
 Windows 11 , 64 bit Build 26100 (10.0.26100.8972)
OS uptime: 17 days 11:40 hours
Hyper-V role detected

CPU: total 16 (initial active 16) (16 cores per cpu, 2 threads per core) family 25 model 116 stepping 1 microcode 0xa704104, cx8, cmov, fxsr, ht, mmx, 3dnowpref, sse, sse2, sse3, ssse3, sse4a, sse4.1, sse4.2, popcnt, lzcnt, tsc, tscinvbit, avx, avx2, aes, erms, clmul, bmi1, bmi2, adx, avx512f, avx512dq, avx512cd, avx512bw, avx512vl, sha, fma, vzeroupper, avx512_vpopcntdq, avx512_vpclmulqdq, avx512_vaes, avx512_vnni, clflush, clflushopt, avx512_vbmi2, avx512_vbmi, hv, rdtscp, rdpid, gfni, avx512_bitalg, f16c, cet_ss, avx512_ifma
Processor Information for the first 16 processors :
  Max Mhz: 4001, Current Mhz: 4001, Mhz Limit: 4001

Memory: 4k page, system-wide physical 31963M (5317M free)
TotalPageFile size 49371M (AvailPageFile size 9585M)
current process WorkingSet (physical memory assigned to process): 1092M, peak: 1094M
current process commit charge ("private bytes"): 1135M, peak: 1138M

vm_info: OpenJDK 64-Bit Server VM (21.0.7+6-LTS) for windows-amd64 JRE (21.0.7+6-LTS), built on 2025-04-15T00:00:00Z by "admin" with MS VC++ 17.7 (VS2022)

END.
